"id";"iddetalles";"accesorio";"cantidad";"ubicacion";"fecha_reg";"estado";"imagen"
"1";"691";"CABLE DE PODER";"1";"86H";"2024-07-04 11:06:17";"1";"0"
"2";"691";"BUS DE DATOS";"1";"86H";"2024-07-04 11:08:18";"1";"0"
"3";"691";"TORNILLO INTERIOR";"4";"87L";"2024-07-04 11:08:43";"1";"0"
"4";"1976";"TAPA PLASTICA CON HUECO";"2";"017A09";"2024-07-04 11:12:46";"1";"0"
"5";"1976";"CLIP ALUMINIO";"2";"017A09";"2024-07-04 11:13:10";"1";"0"
"6";"1992";"TAPA PLASTICA CON HUECO";"2";"017A09";"2024-07-04 11:13:43";"1";"0"
"7";"1992";"CLIP ALUMINIO";"2";"017A09";"2024-07-04 11:13:55";"1";"0"
"8";"2046";"TAPA PLASTICA";"2";"017A09";"2024-07-04 11:14:22";"1";"0"
"9";"2046";"CLIP ALUMINIO";"2";"017A09";"2024-07-04 11:14:36";"1";"0"
"10";"2047";"CLIP ALUMINIO";"2";"017A09";"2024-07-04 11:15:00";"1";"0"
"11";"2047";"CLIP ALUMINIO";"2";"81J";"2024-07-04 11:15:12";"0";"0"
"12";"23956";"TAPA PLASTICA CON HUECO";"2";"017A09";"2024-07-04 11:18:31";"1";"0"
"13";"23956";"CLIP ALUMINIO";"2";"017A09";"2024-07-04 11:18:47";"1";"0"
"14";"28618";"TAPA PLASTICA CON HUECO";"2";"81J";"2024-07-04 11:22:28";"1";"0"
"15";"28618";"CLIP ALUMINIO";"2";"81J";"2024-07-04 11:24:23";"1";"0"
"16";"1978";"TAPA PLASTICA CON HUECO";"1";"017A14";"2024-07-04 11:25:05";"1";"0"
"17";"1978";"CLIP ALUMINIO";"2";"017A14";"2024-07-04 11:25:18";"1";"0"
"18";"2057";"TAPA PLASTICA CON HUECO";"2";"017A14";"2024-07-04 11:28:05";"1";"0"
"19";"2057";"CLIP ALUMINIO";"2";"017A14";"2024-07-04 11:28:22";"1";"0"
"20";"23959";"TAPA PLASTICA CON HUECO";"2";"017A14";"2024-07-04 11:29:01";"1";"0"
"21";"23959";"CLIP ALUMINIO";"2";"017A14";"2024-07-04 11:29:15";"1";"0"
"22";"28617";"DIFUSOR HUMO TIRA 1MTR";"1";"910A";"2024-07-04 11:29:48";"1";"0"
"23";"28617";"CLIP ALUMINIO";"2";"81O";"2024-07-04 11:29:59";"1";"0"
"24";"1974";"TAPA PLASTICA CIEGA";"1";"017A12";"2024-07-04 11:30:32";"1";"0"
"25";"1974";"CLIP ALUMINIO";"2";"017A12";"2024-07-04 11:30:45";"1";"0"
"26";"9682";"TAPA PLASTICA CON HUECO";"1";"017A12";"2024-07-04 11:31:08";"1";"0"
"27";"9682";"CLIP ALUMINIO";"2";"017A12";"2024-07-04 11:31:25";"1";"0"
"28";"24262";"TAPA PLASTICA CIEGA";"1";"017A12";"2024-07-04 11:31:50";"1";"0"
"29";"24262";"CLIP ALUMINIO";"2";"017A12";"2024-07-04 11:32:04";"1";"0"
"30";"24263";"CLIP ALUMINIO";"2";"017A12";"2024-07-04 11:32:32";"1";"0"
"31";"24263";"TAPA PLASTICA CON HUECO";"1";"017A12";"2024-07-04 11:32:42";"1";"0"
"32";"23957";"TAPA PLASTICA CON HUECO";"2";"017A09";"2024-07-04 11:34:30";"1";"0"
"33";"23957";"CLIP ALUMINIO";"2";"017A09";"2024-07-04 11:34:42";"1";"0"
"34";"23957";"CLIP ALUMINIO";"2";"81J";"2024-07-04 11:35:29";"0";"0"
"35";"28619";"TAPA PLASTICA CON HUECO";"2";"81J";"2024-07-04 11:37:03";"1";"0"
"36";"28619";"CLIP ALUMINIO";"2";"81J";"2024-07-04 11:37:44";"1";"0"
"37";"681";"CABLE DE PODER";"1";"86H";"2024-07-05 07:46:58";"1";"0"
"38";"681";"BUS DE DATOS";"1";"86H";"2024-07-05 07:47:33";"1";"0"
"39";"681";"EMPAQUE";"1";"86H";"2024-07-05 07:47:54";"1";"0"
"40";"681";"TORNILLO EXTERIOR";"6";"87L";"2024-07-05 07:48:35";"1";"0"
"41";"682";"CABLE DE PODER";"1";"86H";"2024-07-05 07:50:13";"1";"0"
"42";"682";"BUS DE DATOS";"1";"86H";"2024-07-05 07:50:36";"1";"0"
"43";"682";"EMPAQUE";"1";"86H";"2024-07-05 07:50:52";"1";"0"
"44";"682";"TORNILLO EXTERIOR";"6";"87L";"2024-07-05 07:51:16";"1";"0"
"45";"683";"CABLE DE PODER";"1";"86H";"2024-07-05 07:52:59";"1";"0"
"46";"683";"BUS DE DATOS";"1";"86H";"2024-07-05 07:53:18";"1";"0"
"47";"683";"EMPAQUE";"1";"86H";"2024-07-05 07:53:36";"1";"0"
"48";"683";"TORNILLO EXTERIOR";"6";"87L";"2024-07-05 07:53:58";"1";"0"
"49";"680";"CABLE DE PODER";"1";"86H";"2024-07-05 07:54:49";"1";"0"
"50";"680";"BUS DE DATOS";"1";"86H";"2024-07-05 07:55:04";"1";"0"
"51";"680";"EMPAQUE";"1";"86H";"2024-07-05 07:55:16";"1";"0"
"52";"680";"TORNILLO EXTERIOR";"6";"87L";"2024-07-05 07:56:32";"1";"0"
"53";"684";"CABLE DE PODER";"1";"86H";"2024-07-05 07:57:04";"1";"0"
"54";"684";"BUS DE DATOS";"1";"86H";"2024-07-05 07:57:20";"1";"0"
"55";"684";"EMPAQUE";"1";"86H";"2024-07-05 07:57:34";"1";"0"
"56";"684";"TORNILLO EXTERIOR";"6";"87L";"2024-07-05 07:57:57";"1";"0"
"57";"689";"CABLE DE PODER";"1";"86H";"2024-07-05 07:58:59";"1";"0"
"58";"689";"BUS DE DATOS";"1";"86H";"2024-07-05 07:59:16";"1";"0"
"59";"689";"TORNILLO INTERIOR";"4";"87L";"2024-07-05 07:59:56";"1";"0"
"60";"690";"CABLE DE PODER";"1";"86H";"2024-07-05 08:01:14";"1";"0"
"61";"690";"BUS DE DATOS";"1";"86H";"2024-07-05 08:01:32";"1";"0"
"62";"690";"TORNILLO INTERIOR";"4";"87L";"2024-07-05 08:01:48";"1";"0"
"63";"692";"CABLE DE PODER";"1";"86H";"2024-07-05 08:03:00";"1";"0"
"64";"692";"BUS DE DATOS";"1";"86H";"2024-07-05 08:03:14";"1";"0"
"65";"692";"TORNILLO INTERIOR";"4";"87L";"2024-07-05 08:03:45";"1";"0"
"66";"694";"CABLE DE PODER";"1";"86H";"2024-07-05 08:43:48";"1";"0"
"67";"694";"BUS DE DATOS";"1";"86H";"2024-07-05 08:44:04";"1";"0"
"68";"694";"TORNILLO INTERIOR";"4";"87L";"2024-07-05 08:44:25";"1";"0"
"69";"23104";"CABLE DE PODER 1/4";"1";"86F";"2024-07-05 08:53:53";"1";"0"
"70";"23104";"BUS DE DATOS";"1";"86F";"2024-07-05 08:58:06";"1";"0"
"71";"23105";"CABLE DE PODER 1/4";"1";"86F";"2024-07-05 09:18:10";"1";"0"
"72";"23105";"BUS DE DATOS";"1";"86F";"2024-07-05 09:18:28";"1";"0"
"73";"23102";"CABLE DE PODER 1/4";"1";"86F";"2024-07-05 09:19:16";"1";"0"
"74";"23102";"BUS DE DATOS";"1";"86F";"2024-07-05 09:19:34";"1";"0"
"75";"28536";"CABLE DE PODER 1/4";"1";"86F";"2024-07-05 09:20:31";"1";"0"
"76";"28536";"BUS DE DATOS";"1";"86F";"2024-07-05 09:20:56";"1";"0"
"77";"23103";"CABLE DE PODER 1/4";"1";"86F";"2024-07-05 09:21:44";"1";"0"
"78";"23103";"BUS DE DATOS";"1";"86F";"2024-07-05 09:21:59";"1";"0"
"79";"23106";"CABLE DE PODER 1/4";"1";"86F";"2024-07-05 09:22:46";"1";"0"
"80";"23106";"BUS DE DATOS";"1";"86F";"2024-07-05 09:23:05";"1";"0"
"81";"23107";"CABLE DE PODER 1/2";"1";"86D";"2024-07-05 10:22:19";"1";"0"
"82";"23107";"BUS DE DATOS";"1";"86D";"2024-07-05 10:22:45";"1";"0"
"83";"23107";"EMPAQUE";"1";"86D";"2024-07-05 10:23:03";"1";"0"
"84";"23107";"TORNILLO EXTERIOR RGB";"6";"87L";"2024-07-05 10:23:49";"1";"0"
"85";"23107";"IMAN PARA TORNILLO RGB";"6";"87L";"2024-07-05 10:24:22";"1";"0"
"86";"18989";"CABLE DE PODER 1/2";"1";"82L";"2024-07-05 10:25:24";"1";"0"
"87";"18989";"BUS DE DATOS";"1";"82Z";"2024-07-05 10:25:42";"1";"0"
"88";"18989";"TORNILLO EXTERIOR";"6";"87L";"2024-07-05 10:26:37";"1";"0"
"89";"734";"CABLE DE PODER 1/2";"1";"82K";"2024-07-05 10:27:24";"1";"0"
"90";"734";"BUS DE DATOS";"1";"82H";"2024-07-05 10:27:52";"1";"0"
"91";"734";"EMPAQUE";"1";"86A";"2024-07-05 10:28:37";"1";"0"
"92";"734";"TORNILLO EXTERIOR";"6";"87L";"2024-07-05 10:29:03";"1";"0"
"93";"736";"CABLE DE PODER 1/2";"1";"82K";"2024-07-05 10:29:41";"1";"0"
"94";"736";"BUS DE DATOS";"1";"82H";"2024-07-05 10:30:00";"1";"0"
"95";"736";"EMPAQUE";"1";"82J";"2024-07-05 10:30:25";"1";"0"
"96";"736";"TORNILLO EXTERIOR";"6";"87L";"2024-07-05 10:30:44";"1";"0"
"97";"18990";"CABLE DE PODER 1/2";"1";"82L";"2024-07-05 10:31:31";"1";"0"
"98";"18990";"BUS DE DATOS";"1";"82Z";"2024-07-05 10:31:51";"1";"0"
"99";"18990";"TORNILLO EXTERIOR";"6";"87L";"2024-07-05 10:32:22";"1";"0"
"100";"28671";"1/2 CABLE DE PODER P4";"1";"82L";"2024-07-11 11:40:21";"1";"0"
"101";"28671";"BUS DE DATOS";"1";"82Z";"2024-07-11 11:40:38";"1";"0"
"102";"2048";"TAPA PLASTICA CON HUECO";"1";"017A11";"2024-07-16 16:35:32";"1";"0"
"103";"2048";"TAPA PLASTICA CIEGA";"1";"017A11";"2024-07-16 16:35:55";"1";"0"
"104";"2048";"CLIP ALUMINIO";"2";"017A11";"2024-07-16 16:36:09";"1";"0"
"105";"27571";"TAPA PLASTICA CON HUECO";"1";"017A11";"2024-07-16 16:37:00";"1";"0"
"106";"27571";"TAPA PLASTICA CIEGA";"1";"017A11";"2024-07-16 16:37:15";"1";"0"
"107";"27571";"CLIP ALUMINIO";"2";"017A11";"2024-07-16 16:37:38";"1";"0"
"108";"24067";"TAPA PLASTICA CON HUECO";"2";"017A07";"2024-07-16 16:38:31";"1";"0"
"109";"24067";"CLIP ALUMINIO";"2";"017A07";"2024-07-16 16:46:05";"1";"0"
"110";"2087";"TAPA PLASTICA CON HUECO";"1";"017A07";"2024-07-16 17:01:43";"1";"0"
"111";"2087";"TAPA PLASTICA CIEGA";"1";"017A07";"2024-07-16 17:02:07";"1";"0"
"112";"2087";"CLIP ALUMINIO";"2";"017A07";"2024-07-16 17:02:23";"1";"0"
"113";"20729";"TAPA PLASTICA CON HUECO";"2";"017A13";"2024-07-16 17:03:51";"1";"0"
"114";"24062";"TAPA ALUMINIO";"2";"87M";"2024-07-16 17:06:09";"0";"0"
"115";"24062";"CLIP ALUMINIO";"2";"87M";"2024-07-16 17:06:32";"0";"0"
"116";"24063";"TAPA ALUMINIO";"2";"85A";"2024-07-16 17:07:14";"0";"0"
"117";"24063";"CLIP ALUMINIO";"2";"85A";"2024-07-16 17:07:30";"0";"0"
"118";"20730";"TAPA PLASTICA CON HUECO";"2";"87M";"2024-07-16 17:08:30";"1";"0"
"119";"24038";"TAPA PLASTICA CON HUECO";"1";"017A02";"2024-07-16 17:09:49";"1";"0"
"120";"24038";"TAPA PLASTICA CIEGA";"1";"017A02";"2024-07-16 17:10:13";"1";"0"
"121";"24038";"CLIP ALUMINIO";"2";"017A02";"2024-07-16 17:10:28";"1";"0"
"122";"28342";"TAPA PLASTICA CON HUECO";"1";"017A07";"2024-07-16 17:13:07";"1";"0"
"123";"28342";"TAPA PLASTICA CIEGA";"1";"017A07";"2024-07-16 17:13:24";"1";"0"
"124";"28342";"CLIP ALUMINIO";"2";"017A07";"2024-07-16 17:13:40";"1";"0"
"125";"28343";"TAPA PLASTICA CON HUECO";"1";"017A07";"2024-07-16 17:14:24";"1";"0"
"126";"28343";"TAPA PLASTICA CIEGA";"1";"017A07";"2024-07-16 17:14:39";"1";"0"
"127";"2023";"TAPA PLASTICA CON HUECO";"1";"017A13";"2024-07-17 07:36:19";"1";"0"
"128";"2023";"TAPA PLASTICA CIEGA";"1";"017A13";"2024-07-17 07:36:41";"1";"0"
"129";"2023";"CLIP ALUMINIO";"2";"017A13";"2024-07-17 07:36:58";"1";"0"
"130";"2022";"TAPA PLASTICA CON HUECO";"1";"017A13";"2024-07-17 07:38:05";"1";"0"
"131";"2022";"TAPA PLASTICA CIEGA";"1";"017A13";"2024-07-17 07:38:26";"1";"0"
"132";"2022";"CLIP ALUMINIO";"2";"017A13";"2024-07-17 07:38:48";"1";"0"
"133";"2090";"TAPA PLASTICA CON HUECO";"2";"017A12";"2024-07-17 07:39:46";"1";"0"
"134";"2090";"CLIP ALUMINIO";"2";"017A12";"2024-07-17 07:40:12";"1";"0"
"135";"1974";"TAPA PLASTICA CON HUECO";"1";"017A12";"2024-07-17 07:47:06";"1";"0"
"136";"24262";"TAPA PLASTICA CIEGA";"1";"017A12";"2024-07-17 07:49:01";"1";"0"
"137";"22771";"TAPA PLASTICA CON HUECO";"1";"017A11";"2024-07-17 07:50:03";"1";"0"
"138";"22771";"CLIP ALUMINIO";"2";"017A11";"2024-07-17 07:51:19";"1";"0"
"139";"22771";"TAPA PLASTICA CIEGA";"1";"017A11";"2024-07-17 07:52:16";"1";"0"
"140";"2080";"TAPA PLASTICA CON HUECO";"2";"017A11";"2024-07-17 07:53:12";"1";"0"
"141";"2080";"CLIP ALUMINIO";"2";"017A11";"2024-07-17 07:53:32";"1";"0"
"142";"1968";"TAPA PLASTICA CON HUECO";"2";"017A10";"2024-07-17 07:54:33";"1";"0"
"143";"1968";"CLIP ALUMINIO";"2";"017A10";"2024-07-17 07:54:48";"1";"0"
"144";"2078";"TAPA PLASTICA CON HUECO";"2";"81H";"2024-07-17 07:59:28";"1";"0"
"145";"2078";"CLIP ALUMINIO";"2";"81H";"2024-07-17 08:00:16";"1";"0"
"146";"2053";"TAPA PLASTICA CON HUECO";"2";"017A08";"2024-07-17 08:01:11";"1";"0"
"147";"2053";"CLIP ALUMINIO";"2";"017A08";"2024-07-17 08:01:21";"1";"0"
"148";"23958";"TAPA PLASTICA CON HUECO";"2";"017A08";"2024-07-17 08:02:53";"1";"0"
"149";"23958";"CLIP ALUMINIO";"2";"017A08";"2024-07-17 08:03:09";"1";"0"
"150";"4813";"TAPA PLASTICA CON HUECO";"2";"017A06";"2024-07-17 08:03:51";"1";"0"
"151";"4813";"CLIP ALUMINIO";"2";"017A06";"2024-07-17 08:05:33";"1";"0"
"152";"2065";"TAPA PLASTICA CON HUECO";"2";"017A03";"2024-07-17 08:06:41";"1";"0"
"153";"2065";"CLIP ALUMINIO";"2";"017A03";"2024-07-17 08:07:01";"1";"0"
"154";"24207";"TAPA PLASTICA CON HUECO";"1";"017A03";"2024-07-17 08:07:57";"1";"0"
"155";"24207";"TAPA PLASTICA CIEGA";"1";"017A03";"2024-07-17 08:08:14";"1";"0"
"156";"24207";"CLIP ALUMINIO";"2";"017A03";"2024-07-17 08:08:28";"1";"0"
"157";"24066";"TAPA PLASTICA CON HUECO";"2";"017A02";"2024-07-17 08:09:08";"1";"0"
"158";"24066";"CLIP ALUMINIO";"2";"017A02";"2024-07-17 08:09:26";"1";"0"
"159";"9682";"TAPA PLASTICA CIEGA";"1";"017A12";"2024-07-17 08:10:57";"1";"0"
"160";"24263";"TAPA PLASTICA CIEGA";"1";"017A12";"2024-07-17 08:12:05";"1";"0"
"161";"22772";"TAPA PLASTICA CON HUECO";"1";"017A11";"2024-07-17 08:12:49";"1";"0"
"162";"22772";"TAPA PLASTICA CIEGA";"1";"017A11";"2024-07-17 08:13:52";"1";"0"
"163";"22772";"CLIP ALUMINIO";"2";"017A11";"2024-07-17 08:14:01";"1";"0"
"164";"1969";"TAPA PLASTICA CON HUECO";"2";"81K";"2024-07-17 08:15:06";"1";"0"
"165";"1969";"CLIP ALUMINIO";"2";"81K";"2024-07-17 08:15:21";"1";"0"
"166";"2047";"TAPA PLASTICA CON HUECO";"2";"017A09";"2024-07-17 08:19:39";"1";"0"
"167";"2079";"TAPA PLASTICA CON HUECO";"2";"81H";"2024-07-17 08:31:01";"1";"0"
"168";"2079";"CLIP ALUMINIO";"2";"81H";"2024-07-17 08:31:14";"1";"0"
"169";"2014";"TAPA PLASTICA CON HUECO";"2";"017A08";"2024-07-17 08:32:06";"1";"0"
"170";"2014";"CLIP ALUMINIO";"2";"017A08";"2024-07-17 08:32:18";"1";"0"
"171";"2060";"TAPA PLASTICA CON HUECO";"2";"017A08";"2024-07-17 08:33:10";"1";"0"
"172";"2060";"CLIP ALUMINIO";"2";"017A08";"2024-07-17 08:33:24";"1";"0"
"173";"4814";"TAPA PLASTICA CON HUECO";"2";"81F";"2024-07-17 08:34:56";"1";"0"
"174";"4814";"CLIP ALUMINIO";"2";"81F";"2024-07-17 08:35:12";"1";"0"
"175";"2021";"TAPA PLASTICA CON HUECO";"2";"017A03";"2024-07-17 08:35:53";"1";"0"
"176";"2021";"CLIP ALUMINIO";"2";"017A03";"2024-07-17 08:36:05";"1";"0"
"177";"2036";"TAPA PLASTICA CON HUECO";"1";"017A01";"2024-07-17 08:39:41";"1";"0"
"178";"2036";"TAPA PLASTICA CIEGA";"1";"017A01";"2024-07-17 08:39:52";"1";"0"
"179";"2036";"CLIP ALUMINIO";"2";"017A01";"2024-07-17 08:40:03";"1";"0"
"180";"24206";"TAPA PLASTICA CON HUECO";"1";"017A02";"2024-07-17 08:40:47";"1";"0"
"181";"24206";"TAPA PLASTICA CIEGA";"1";"017A02";"2024-07-17 08:41:00";"1";"0"
"182";"24206";"CLIP ALUMINIO";"2";"017A02";"2024-07-17 08:41:13";"1";"0"
"183";"22775";"TAPA PLASTICA CON HUECO";"2";"017A06";"2024-07-17 08:42:04";"1";"0"
"184";"22775";"CLIP ALUMINIO";"2";"017A06";"2024-07-17 08:42:19";"1";"0"
"185";"1970";"TAPA PLASTICA CON HUECO";"1";"017A04";"2024-07-17 08:43:05";"1";"0"
"186";"1970";"TAPA PLASTICA CIEGA";"1";"017A04";"2024-07-17 08:43:14";"1";"0"
"187";"1970";"CLIP ALUMINIO";"2";"017A04";"2024-07-17 08:43:22";"1";"0"
"188";"18904";"TAPA PLASTICA CON HUECO";"1";"017A03";"2024-07-17 08:44:18";"1";"0"
"189";"18904";"TAPA PLASTICA CIEGA";"1";"017A03";"2024-07-17 08:44:29";"1";"0"
"190";"18904";"CLIP ALUMINIO";"2";"017A03";"2024-07-17 08:44:43";"1";"0"
"191";"24036";"TAPA PLASTICA CON HUECO";"2";"017A10";"2024-07-17 08:47:20";"1";"0"
"192";"24036";"CLIP ALUMINIO";"2";"017A10";"2024-07-17 08:47:35";"1";"0"
"193";"24035";"TAPA PLASTICA CON HUECO";"2";"017A11";"2024-07-17 08:48:36";"1";"0"
"194";"24035";"CLIP ALUMINIO";"2";"017A11";"2024-07-17 08:48:48";"1";"0"
"195";"18906";"TAPA PLASTICA CON HUECO";"1";"81D";"2024-07-17 08:49:40";"1";"0"
"196";"18906";"TAPA PLASTICA CIEGA";"1";"81D";"2024-07-17 08:49:48";"1";"0"
"197";"18906";"CLIP ALUMINIO";"2";"81D";"2024-07-17 08:49:55";"1";"0"
"198";"18902";"TAPA PLASTICA CON HUECO";"1";"81D";"2024-07-17 08:50:46";"1";"0"
"199";"18902";"TAPA PLASTICA CIEGA";"1";"81D";"2024-07-17 08:50:54";"1";"0"
"200";"18902";"CLIP ALUMINIO";"2";"81D";"2024-07-17 08:51:02";"1";"0"
"201";"18907";"TAPA PLASTICA CON HUECO";"1";"017A04";"2024-07-17 09:20:00";"1";"0"
"202";"18907";"TAPA PLASTICA CIEGA";"1";"017A04";"2024-07-17 09:20:12";"1";"0"
"203";"18907";"CLIP ALUMINIO";"2";"017A04";"2024-07-17 09:20:23";"1";"0"
"204";"18903";"TAPA PLASTICA CON HUECO";"1";"017A04";"2024-07-17 09:21:08";"1";"0"
"205";"18903";"TAPA PLASTICA CIEGA";"1";"017A04";"2024-07-17 09:21:21";"1";"0"
"206";"18903";"CLIP ALUMINIO";"2";"017A04";"2024-07-17 09:21:32";"1";"0"
"207";"2058";"TAPA PLASTICA CON HUECO";"1";"017A03";"2024-07-17 09:22:15";"1";"0"
"208";"2058";"TAPA PLASTICA CIEGA";"1";"017A03";"2024-07-17 09:22:27";"1";"0"
"209";"2058";"CLIP ALUMINIO";"2";"017A03";"2024-07-17 09:22:38";"1";"0"
"210";"2073";"TAPA PLASTICA CON HUECO";"1";"81H";"2024-07-17 09:24:07";"1";"0"
"211";"2073";"TAPA PLASTICA CIEGA";"1";"81H";"2024-07-17 09:24:17";"1";"0"
"212";"2073";"CLIP ALUMINIO";"2";"81H";"2024-07-17 09:24:27";"1";"0"
"213";"28067";"TAPA PLASTICA CON HUECO";"1";"017A05";"2024-07-17 09:25:20";"1";"0"
"214";"28067";"TAPA PLASTICA CIEGA";"1";"017A05";"2024-07-17 09:25:31";"1";"0"
"215";"28067";"CLIP ALUMINIO";"2";"017A05";"2024-07-17 09:25:45";"1";"0"
"216";"27295";"TAPA PLASTICA CIEGA";"2";"81A";"2024-07-17 09:26:40";"0";"0"
"217";"2054";"TAPA PLASTICA CON HUECO";"1";"017A06";"2024-07-17 09:27:33";"1";"0"
"218";"2054";"TAPA PLASTICA CIEGA";"1";"017A06";"2024-07-17 09:27:45";"1";"0"
"219";"2054";"CLIP ALUMINIO";"2";"017A06";"2024-07-17 09:27:56";"1";"0"
"220";"18898";"TAPA PLASTICA CON HUECO";"2";"017A04";"2024-07-17 09:28:42";"1";"0"
"221";"18898";"TAPA PLASTICA CIEGA";"1";"81D";"2024-07-17 09:28:59";"0";"0"
"222";"18898";"CLIP ALUMINIO";"2";"81D";"2024-07-17 09:29:11";"0";"0"
"223";"18905";"TAPA PLASTICA CON HUECO";"1";"017A04";"2024-07-17 09:32:07";"1";"0"
"224";"18905";"TAPA PLASTICA CIEGA";"1";"017A04";"2024-07-17 09:32:17";"1";"0"
"225";"18905";"CLIP ALUMINIO";"2";"017A04";"2024-07-17 09:32:27";"1";"0"
"226";"2024";"TAPA PLASTICA CON HUECO";"1";"81G";"2024-07-17 09:41:36";"1";"0"
"227";"2024";"TAPA PLASTICA CIEGA";"1";"81G";"2024-07-17 09:41:46";"1";"0"
"228";"2024";"TAPON SILICONA";"2";"81G";"2024-07-17 09:42:08";"1";"0"
"229";"2056";"TAPA PLASTICA CON HUECO";"1";"017A06";"2024-07-17 09:45:36";"1";"0"
"230";"2056";"TAPA PLASTICA CIEGA";"1";"017A06";"2024-07-17 09:45:56";"1";"0"
"231";"2056";"CLIP ALUMINIO";"2";"017A06";"2024-07-17 09:46:09";"1";"0"
"232";"24254";"TAPA PLASTICA CON HUECO";"1";"017A10";"2024-07-17 09:47:10";"1";"0"
"233";"24254";"TAPA PLASTICA CIEGA";"1";"017A10";"2024-07-17 09:47:22";"1";"0"
"234";"18896";"TAPA PLASTICA CON HUECO";"1";"017A02";"2024-07-17 09:51:52";"1";"0"
"235";"18896";"TAPA PLASTICA CIEGA";"1";"017A02";"2024-07-17 09:52:05";"1";"0"
"236";"2091";"TAPA PLASTICA CON HUECO";"2";"017A14";"2024-07-17 09:53:02";"1";"0"
"237";"2091";"CLIP ALUMINIO";"2";"017A14";"2024-07-17 09:53:14";"1";"0"
"238";"1977";"TAPA PLASTICA CON HUECO";"2";"017A14";"2024-07-17 09:56:52";"1";"0"
"239";"1977";"CLIP ALUMINIO";"2";"017A14";"2024-07-17 09:57:21";"1";"0"
"240";"24225";"TAPA PLASTICA CON HUECO";"2";"017A14";"2024-07-17 09:58:04";"1";"0"
"241";"24225";"CLIP ALUMINIO";"2";"017A14";"2024-07-17 09:58:16";"1";"0"
"242";"22773";"TAPA PLASTICA CON HUECO";"1";"017A14";"2024-07-17 09:58:58";"1";"0"
"243";"22773";"TAPA PLASTICA CIEGA";"1";"017A14";"2024-07-17 09:59:10";"1";"0"
"244";"22773";"CLIP ALUMINIO";"2";"017A14";"2024-07-17 09:59:22";"1";"0"
"245";"20731";"TAPA PLASTICA IZQUIERDA";"1";"017A11";"2024-07-17 10:09:30";"1";"0"
"246";"20731";"TAPA PLASTICA DERECHA";"1";"017A11";"2024-07-17 10:10:22";"1";"0"
"247";"20725";"TAPA PLASTICA IZQUIERDA";"1";"017A07";"2024-07-17 10:11:36";"1";"0"
"248";"20725";"TAPA PLASTICA DERECHA";"1";"017A07";"2024-07-17 10:11:55";"1";"0"
"249";"20728";"TAPA PLASTICA DERECHA";"1";"017A07";"2024-07-17 10:12:53";"1";"0"
"250";"20728";"TAPA PLASTICA IZQUIERDA";"1";"017A07";"2024-07-17 10:13:16";"1";"0"
"251";"2097";"TAPA PLASTICA IZQUIERDA";"1";"81F";"2024-07-17 10:15:00";"1";"0"
"252";"2097";"TAPA PLASTICA DERECHA";"1";"81F";"2024-07-17 10:15:14";"1";"0"
"253";"20727";"TAPA PLASTICA IZQUIERDA";"1";"017A03";"2024-07-17 10:16:23";"1";"0"
"254";"20727";"TAPA PLASTICA DERECHA";"1";"017A03";"2024-07-17 10:16:36";"1";"0"
"255";"2092";"TAPA PLASTICA IZQUIERDA";"1";"017A03";"2024-07-17 10:17:45";"1";"0"
"256";"2092";"TAPA PLASTICA DERECHA";"1";"017A03";"2024-07-17 10:18:02";"1";"0"
"257";"24061";"TAPA PLASTICA IZQUIERDA";"1";"81J";"2024-07-17 10:19:11";"1";"0"
"258";"24061";"TAPA PLASTICA DERECHA";"1";"81J";"2024-07-17 10:19:32";"1";"0"
"259";"27294";"TAPA PLASTICA IZQUIERDA";"1";"017A01";"2024-07-17 10:20:41";"1";"0"
"260";"27294";"TAPA PLASTICA DERECHA";"1";"017A01";"2024-07-17 10:20:59";"1";"0"
"261";"24065";"TAPA ALUMINIO IZQUIERDA";"1";"85A";"2024-07-17 10:23:03";"1";"0"
"262";"24065";"TAPA ALUMINIO DERECHA";"1";"85A";"2024-07-17 10:23:20";"1";"0"
"263";"26620";"DIFUSOR OPAL 1MTR";"1";"904A";"2024-07-17 10:24:21";"1";"0"
"264";"26620";"TAPA ALUMINIO DERECHA";"1";"85C";"2024-07-17 10:24:35";"0";"0"
"265";"18993";"MALETIN";"1";"IMPORTACIONES";"2024-07-17 13:33:00";"1";"0"
"266";"2043";"TAPA PLASTICA CON HUECO";"1";"017A10";"2024-07-25 16:06:40";"1";"0"
"267";"2043";"TAPA PLASTICA CIEGA";"1";"017A10";"2024-07-25 16:07:50";"1";"0"
"268";"21631";"ANTENA WIFI";"1";"83D";"2024-07-25 16:08:41";"1";"0"
"269";"20258";"ANTENA WIFI";"1";"83C";"2024-07-25 16:10:59";"1";"0"
"270";"21629";"ANTENA WIFI";"1";"010A06";"2024-07-25 16:14:04";"1";"0"
"271";"21630";"ANTENA WIFI";"1";"010A06";"2024-07-25 16:14:37";"1";"0"
"272";"24193";"ANTENA WIFI";"1";"010A06";"2024-07-25 16:19:43";"1";"0"
"273";"865";"ANTENA WIFI";"1";"010A06";"2024-07-25 16:20:28";"1";"0"
"274";"867";"ANTENA WIFI";"1";"010A06";"2024-07-25 16:21:06";"1";"0"
"275";"21625";"ANTENA WIFI";"1";"010A06";"2024-07-25 16:22:38";"1";"0"
"276";"21624";"ANTENA WIFI";"1";"010A06";"2024-07-25 16:23:17";"1";"0"
"277";"27505";"ANTENA WIFI";"1";"010A06";"2024-07-25 16:24:04";"1";"0"
"278";"18988";"TORNILLO IMAN AL MODULO";"48";"935A";"2024-07-25 16:24:59";"1";"0"
"279";"18988";"KIT PLATINAS / TORNILLOS / IMANES";"1";"84G";"2024-07-25 16:25:16";"1";"0"
"280";"18988";"CABLE DE PODER DE FUENTE";"1";"84E";"2024-07-25 16:25:42";"1";"0"
"281";"18988";"TORNILLO PARA TARJETA";"4";"935A";"2024-07-25 16:26:06";"1";"0"
"282";"18988";"TORNILLO PARA PLATINA PARA FUENTE";"4";"935A";"2024-07-25 17:06:07";"1";"0"
"283";"18988";"CABLE DE RED";"1";"84F";"2024-07-25 17:06:44";"1";"0"
"284";"22775";"TORNILLO";"4";"017A06";"2024-08-09 10:01:14";"1";"0"
"285";"24208";"BASE INTERNA ALUMINIO 3.5MTR";"1";"909A";"2024-08-21 17:09:48";"1";"0"
"286";"24209";"BASE INTERNA ALUMINIO 3.5MTR";"1";"909A";"2024-08-21 17:10:29";"1";"0"
"287";"27280";"BASE INTERNA ALUMINIO 3.5MTR";"1";"909A";"2024-08-21 17:10:57";"1";"0"
"288";"27282";"BASE INTERNA ALUMINIO 3.5MTR";"1";"909A";"2024-08-21 17:11:24";"1";"0"
"289";"28691";"6700014-LPV-20-12 FUENTE MW PLAST IP67 12V@1.67A";"1";"24E";"2024-08-22 16:49:14";"1";"0"
"290";"28692";"3032027-MODULO SH4 7500K BLANCO TIPO3 LUPA SH 2835";"1";"24E";"2024-08-22 16:50:07";"1";"0"
"291";"28704";"6700028-LPV-100-12 FUENTE MW PLAST IP67 12V@8.5A";"1";"24E";"2024-08-29 07:05:30";"1";"0"
"292";"2088";"TORNILLO";"4";"81A";"2024-09-16 14:23:34";"1";"0"
"293";"20732";"TORNILLO";"2";"81A";"2024-09-16 14:24:08";"1";"0"
"294";"20733";"TORNILLO";"2";"81A";"2024-09-16 14:24:38";"1";"0"
"295";"2067";"TORNILLO";"4";"81B";"2024-09-16 14:25:08";"1";"0"
"296";"23942";"TORNILLO";"2";"81B";"2024-09-16 14:25:36";"1";"0"
"297";"2044";"TORNILLO";"2";"017A10";"2024-09-16 14:26:18";"1";"0"
"298";"2045";"TORNILLO";"2";"017A10";"2024-09-16 14:28:58";"1";"0"
"299";"18994";"TORNILLO PRISIONERO ALLEN DELGADO";"4";"82D";"2024-09-16 14:30:36";"1";"0"
"300";"24167";"TORNILLO PRISIONERO ALLEN DELGADO";"4";"82F";"2024-09-16 14:31:08";"1";"0"
"301";"4";"TORNILLO";"2";"85A";"2024-09-16 14:31:35";"1";"0"
"302";"18909";"TORNILLO";"4";"85B";"2024-09-16 14:32:04";"1";"0"
"303";"28346";"TORNILLO";"2";"85B";"2024-09-16 14:32:34";"1";"0"
"304";"28347";"TORNILLO";"1";"85B";"2024-09-16 15:57:14";"1";"0"
"305";"28517";"TORNILLO";"2";"85B";"2024-09-16 15:57:40";"1";"0"
"306";"28518";"TORNILLO";"1";"85B";"2024-09-16 15:58:08";"1";"0"
"307";"2071";"TORNILLO";"4";"85C";"2024-09-16 15:58:32";"1";"0"
"308";"24258";"TORNILLO";"2";"85C";"2024-09-16 15:58:59";"1";"0"
"309";"27299";"TORNILLO";"2";"85C";"2024-09-16 15:59:27";"1";"0"
"310";"27281";"TORNILLO";"4";"85D";"2024-09-16 15:59:50";"1";"0"
"311";"27283";"TORNILLO NEGRO";"4";"85D";"2024-09-16 16:00:21";"1";"0"
"312";"23886";"TORNILLO NEGRO";"4";"85E";"2024-09-16 16:00:52";"1";"0"
"313";"27278";"TORNILLO LARGO";"1";"85E";"2024-09-16 16:01:27";"1";"0"
"314";"27278";"TUERCA";"1";"85E";"2024-09-16 16:01:43";"1";"0"
"315";"7079";"TORNILLO";"4";"85F";"2024-09-16 16:02:10";"1";"0"
"316";"28070";"TORNILLO";"4";"85F";"2024-09-16 16:02:36";"1";"0"
"317";"28071";"TORNILLO";"4";"85F";"2024-09-16 16:02:57";"1";"0"
"318";"18900";"TORNILLO";"2";"85G";"2024-09-16 16:03:24";"1";"0"
"319";"28222";"TORNILLO NEGRO";"2";"85G";"2024-09-16 16:03:54";"1";"0"
"320";"28223";"TORNILLO";"2";"85G";"2024-09-16 16:04:22";"1";"0"
"321";"28534";"TORNILLO NEGRO";"2";"85G";"2024-09-16 16:04:52";"1";"0"
"322";"28535";"TORNILLO";"2";"85G";"2024-09-16 16:05:17";"1";"0"
"323";"2069";"TORNILLO";"2";"85H";"2024-09-16 16:05:46";"1";"0"
"324";"24256";"TORNILLO";"2";"85H";"2024-09-16 16:06:14";"1";"0"
"325";"27298";"TORNILLO";"2";"85H";"2024-09-16 16:06:46";"1";"0"
"326";"2037";"TORNILLO CABEZA PLANA";"1";"85L";"2024-09-16 16:07:20";"1";"0"
"327";"2037";"TUERCA MARIPOSA";"1";"85L";"2024-09-16 16:07:38";"1";"0"
"328";"2020";"TORNILLO CABEZA PLANA";"1";"86E";"2024-09-16 16:08:21";"1";"0"
"329";"2020";"TUERCA MARIPOSA";"1";"86E";"2024-09-16 16:08:41";"1";"0"
"330";"27290";"TORNILLO ANGULO / PLATINA";"6";"87J";"2024-09-16 16:09:25";"1";"0"
"331";"27291";"TORNILLO ANGULO / PLATINA";"8";"87J";"2024-09-16 16:09:56";"1";"0"
"332";"27293";"TORNILLO ANGULO / PLATINA";"6";"87J";"2024-09-16 16:10:25";"1";"0"
"333";"27286";"TORNILLO ANGULO / PLATINA";"4";"87J";"2024-09-16 16:10:57";"1";"0"
"334";"27288";"TORNILLO ANGULO / PLATINA";"4";"87J";"2024-09-16 16:11:54";"1";"0"
"335";"27289";"TORNILLO ANGULO / PLATINA";"4";"87J";"2024-09-16 16:39:16";"1";"0"
"336";"27287";"TORNILLO ANGULO / PLATINA";"4";"87J";"2024-09-16 16:39:47";"1";"0"
"337";"27292";"TORNILLO ANGULO / PLATINA";"4";"87J";"2024-09-16 16:40:56";"1";"0"
"338";"28740";"CLAVO";"1";"87Z";"2024-09-16 16:41:41";"1";"0"
"339";"28344";"SILICONA  ANTIDESLIZANTE";"1";"90Z";"2024-09-16 16:42:30";"1";"0"
"340";"26009";"TORNILLO SOPORTE A3";"4";"87Z";"2024-09-16 16:43:12";"1";"0"
"341";"26010";"JUEGO DE CHAZOS / TORNILLOS / TUERCAS";"1";"907A";"2024-09-16 16:43:59";"1";"0"
"342";"26010";"PASADOR PARA TUBO";"1";"907A";"2024-09-16 16:44:20";"1";"0"
"343";"26010";"SOPORTE PLATINA";"1";"907A";"2024-09-16 16:44:51";"1";"0"
"344";"26010";"SOPORTE DE GRADUACION";"2";"907A";"2024-09-16 16:46:03";"1";"0"
"345";"26010";"TUBO NIVELADOR 12 HUECOS";"1";"907A";"2024-09-16 16:46:33";"1";"0"
"346";"26010";"TUBO NIVELADOR 4 HUECOS";"1";"907A";"2024-09-16 16:47:07";"1";"0"
"347";"26011";"JUEGO DE CHAZOS / TORNILLOS / TUERCAS";"1";"907A";"2024-09-16 16:51:55";"1";"0"
"348";"26011";"SOPORTE DE GRADUACION";"2";"907A";"2024-09-16 16:52:21";"1";"0"
"349";"26011";"SOPORTE DE BARRA";"2";"907A";"2024-09-16 16:52:37";"1";"0"
"350";"26011";"TORNILLO SOPORTE DE BARRAS";"4";"87Z";"2024-09-16 16:53:11";"1";"0"
"351";"26011";"PLATINA NEGRA 50X70";"1";"907A";"2024-09-16 16:53:45";"1";"0"
"352";"26011";"TUBO NIVELADOR 12 HUECOS";"1";"907A";"2024-09-16 16:57:25";"1";"0"
"353";"26011";"TUBO NIVELADOR 4 HUECOS";"1";"907A";"2024-09-16 16:57:50";"1";"0"
"354";"28747";"KIT TORNILLOS PARA UNION";"1";"86C";"2024-09-16 17:21:02";"1";"0"
"355";"28377";"DIFUSOR OPAL 120CM DIAMETRO";"1";"935A";"2024-09-17 08:46:48";"1";"0"
"356";"28375";"DIFUSOR OPAL 60CM DIAMETRO";"1";"935A";"2024-09-17 08:47:47";"1";"0"
"357";"28376";"DIFUSOR OPAL 90CM DIAMETRO";"1";"935A";"2024-09-17 08:48:37";"1";"0"
"358";"3789";"DIFUSOR OPAL 1MTR";"1";"908A";"2024-09-17 08:49:21";"1";"0"
"359";"2043";"DIFUSOR OPAL 1MTR";"1";"022C02";"2024-09-17 08:54:59";"1";"0"
"360";"24037";"DIFUSOR OPAL 1MTR";"1";"91D";"2024-09-17 08:58:01";"0";"0"
"361";"28344";"DIFUSOR OPAL 1MTR";"1";"901A";"2024-09-17 08:59:06";"1";"0"
"362";"28345";"DIFUSOR OPAL 1MTR";"1";"901A";"2024-09-17 09:56:48";"1";"0"
"363";"2048";"DIFUSOR OPAL 1MTR";"1";"023B06";"2024-09-17 09:57:29";"1";"0"
"364";"27571";"DIFUSOR OPAL 1MTR";"1";"024C02";"2024-09-17 10:27:12";"1";"0"
"365";"24067";"DIFUSOR OPAL 1MTR";"1";"025C02";"2024-09-17 10:33:07";"1";"0"
"366";"2087";"DIFUSOR OPAL 1MTR";"1";"022B03";"2024-09-17 10:33:47";"1";"0"
"367";"20729";"DIFUSOR OPAL SILICONADO 1MTR";"1";"023B05";"2024-09-17 10:34:54";"1";"0"
"368";"20731";"DIFUSOR OPAL SILICONADO 1MTR";"1";"023C02";"2024-09-17 10:36:46";"1";"0"
"369";"20725";"DIFUSOR OPAL SILICONADO 1MTR";"2";"93B";"2024-09-17 10:37:43";"1";"0"
"370";"20728";"DIFUSOR OPAL SILICONADO 1MTR";"1";"93B";"2024-09-17 10:41:45";"1";"0"
"371";"2097";"DIFUSOR OPAL 1MTR";"1";"91D";"2024-09-17 10:57:56";"1";"0"
"372";"20727";"DIFUSOR OPAL SILICONADO 1MTR";"1";"93B";"2024-09-17 10:58:43";"1";"0"
"373";"2092";"DIFUSOR OPAL 1MTR";"1";"023A02";"2024-09-17 11:00:35";"1";"0"
"374";"20726";"DIFUSOR OPAL SILICONADO 1MTR";"1";"93B";"2024-09-17 11:01:31";"1";"0"
"375";"24061";"DIFUSOR OPAL 1MTR";"1";"91E";"2024-09-17 11:03:31";"1";"0"
"376";"24062";"DIFUSOR OPAL 1MTR";"2";"022B02";"2024-09-17 11:04:12";"0";"0"
"377";"24063";"DIFUSOR OPAL 1MTR";"2";"904A";"2024-09-17 11:05:02";"0";"0"
"378";"20730";"DIFUSOR OPAL SILICONADO 1MTR";"1";"93B";"2024-09-17 11:07:10";"1";"0"
"379";"27294";"DIFUSOR OPAL 1MTR";"1";"025A03";"2024-09-17 11:07:53";"1";"0"
"380";"24038";"DIFUSOR OPAL 1MTR";"1";"025C03";"2024-09-17 11:08:35";"1";"0"
"381";"18971";"ALETA ABATIBLE 2501";"1";"92G";"2024-09-17 11:10:19";"1";"0"
"382";"18974";"ALETA ABATIBLE 3005";"1";"92J";"2024-09-17 11:11:07";"1";"0"
"383";"24064";"DIFUSOR OPAL 1MTR";"1";"89W";"2024-09-17 11:12:18";"1";"0"
"384";"24065";"DIFUSOR OPAL 1MTR";"1";"89Z";"2024-09-17 11:13:42";"1";"0"
"385";"2023";"DIFUSOR OPAL 1MTR";"1";"023B05";"2024-09-17 11:14:22";"1";"0"
"386";"2022";"DIFUSOR OPAL 1MTR";"1";"023C03";"2024-09-17 11:20:18";"1";"0"
"387";"2090";"DIFUSOR OPAL 1MTR";"1";"023C04";"2024-09-17 11:20:55";"1";"0"
"388";"1974";"DIFUSOR OPAL 1MTR";"1";"023A05";"2024-09-17 11:21:31";"1";"0"
"389";"24262";"DIFUSOR HUMO 1MTR";"1";"026B02";"2024-09-17 11:22:16";"1";"0"
"390";"22771";"DIFUSOR OPAL 1MTR";"1";"023B06";"2024-09-17 11:22:54";"1";"0"
"391";"2080";"DIFUSOR OPAL 1MTR";"1";"026A03";"2024-09-17 11:23:36";"1";"0"
"392";"1968";"DIFUSOR OPAL 1MTR";"1";"024C01";"2024-09-17 11:27:17";"1";"0"
"393";"1976";"DIFUSOR OPAL 1MTR";"1";"026C02";"2024-09-17 11:28:02";"1";"0"
"394";"23956";"DIFUSOR HUMO 1MTR";"1";"92A";"2024-09-17 11:29:26";"1";"0"
"395";"28618";"DIFUSOR HUMO TIRA 1MTR";"1";"910A";"2024-09-17 11:30:41";"1";"0"
"396";"2046";"DIFUSOR OPAL 1MTR";"1";"92J";"2024-09-17 11:31:16";"1";"0"
"397";"2078";"DIFUSOR OPAL 1MTR";"1";"92G";"2024-09-17 11:31:50";"1";"0"
"398";"2053";"DIFUSOR OPAL 1MTR";"1";"025A01";"2024-09-17 11:32:23";"1";"0"
"399";"23958";"DIFUSOR HUMO 1MTR";"1";"025C01";"2024-09-17 11:33:14";"1";"0"
"400";"28342";"DIFUSOR OPAL 1MTR";"1";"026A02";"2024-09-17 11:33:49";"1";"0"
"401";"4813";"DIFUSOR OPAL 1MTR";"1";"023C02";"2024-09-17 11:36:04";"1";"0"
"402";"2065";"DIFUSOR OPAL 1MTR";"1";"023C04";"2024-09-17 11:36:44";"1";"0"
"403";"24207";"DIFUSOR OPAL 1MTR";"1";"022B03";"2024-09-17 11:37:33";"1";"0"
"404";"24066";"DIFUSOR OPAL 1MTR";"1";"022C02";"2024-09-17 11:38:33";"1";"0"
"405";"2055";"DIFUSOR OPAL 1MTR";"1";"92K";"2024-09-17 11:39:33";"1";"0"
"406";"23931";"DIFUSOR OPAL TIRA 2.5MTR";"1";"92K";"2024-09-17 11:41:01";"1";"0"
"407";"1957";"DIFUSOR OPAL TIRA 2.5MTR";"1";"92Z";"2024-09-17 11:42:13";"1";"0"
"408";"2061";"DIFUSOR OPAL TIRA 3.5MTR";"1";"92Z";"2024-09-17 11:43:12";"1";"0"
"409";"3790";"DIFUSOR OPAL 1MTR";"1";"94Z";"2024-09-17 11:46:23";"1";"0"
"410";"23933";"DIFUSOR OPAL TIRA 2.5MTR";"1";"92L";"2024-09-17 13:54:06";"1";"0"
"411";"23934";"DIFUSOR OPAL TIRA 2.5MTR";"1";"92L";"2024-09-17 13:55:33";"1";"0"
"412";"2062";"DIFUSOR OPAL 1MTR";"1";"92Z";"2024-09-17 13:56:24";"1";"0"
"413";"18908";"DIFUSOR OPAL 1MTR";"1";"92Z";"2024-09-17 13:57:20";"1";"0"
"414";"2063";"DIFUSOR OPAL 1MTR";"1";"92Z";"2024-09-17 13:57:59";"1";"0"
"415";"23968";"DIFUSOR OPAL TIRA 2.5MTR";"1";"94Z";"2024-09-17 13:58:45";"1";"0"
"416";"24033";"DIFUSOR OPAL 1MTR";"1";"91C";"2024-09-17 13:59:35";"1";"0"
"417";"24032";"DIFUSOR OPAL 1MTR";"1";"91D";"2024-09-17 14:04:17";"1";"0"
"418";"9682";"DIFUSOR OPAL 1MTR";"1";"023B03";"2024-09-17 14:04:51";"1";"0"
"419";"24263";"DIFUSOR HUMO 1MTR";"1";"025B03";"2024-09-17 14:05:53";"1";"0"
"420";"22772";"DIFUSOR OPAL 1MTR";"1";"026A02";"2024-09-17 14:06:38";"1";"0"
"421";"1969";"DIFUSOR OPAL 1MTR";"1";"92C";"2024-09-17 14:07:32";"1";"0"
"422";"1992";"DIFUSOR OPAL 1MTR";"1";"023A03";"2024-09-17 14:12:51";"1";"0"
"423";"23957";"DIFUSOR HUMO 1MTR";"1";"023B02";"2024-09-17 14:16:23";"1";"0"
"424";"28619";"DIFUSOR HUMO TIRA 1MTR";"1";"910A";"2024-09-17 14:17:28";"1";"0"
"425";"2047";"DIFUSOR OPAL 1MTR";"1";"022C03";"2024-09-17 14:18:50";"1";"0"
"426";"2079";"DIFUSOR OPAL 1MTR";"1";"92H";"2024-09-17 14:19:59";"1";"0"
"427";"2014";"DIFUSOR OPAL 1MTR";"1";"023A04";"2024-09-17 14:20:36";"1";"0"
"428";"2060";"DIFUSOR HUMO 1MTR";"1";"025B01";"2024-09-17 14:22:31";"1";"0"
"429";"4814";"DIFUSOR OPAL 1MTR";"1";"92H";"2024-09-17 14:23:06";"1";"0"
"430";"2021";"DIFUSOR OPAL 1MTR";"1";"023B04";"2024-09-17 14:23:50";"1";"0"
"431";"2036";"DIFUSOR OPAL 1MTR";"1";"024C03";"2024-09-17 14:25:13";"1";"0"
"432";"24206";"DIFUSOR OPAL 1MTR";"1";"023C06";"2024-09-17 14:26:10";"1";"0"
"433";"2066";"DIFUSOR OPAL 1MTR";"1";"92K";"2024-09-17 14:27:25";"1";"0"
"434";"23932";"DIFUSOR OPAL TIRA 2.5MTR";"1";"92K";"2024-09-17 14:28:38";"1";"0"
"435";"28555";"DIFUSOR  OPAL TIRA 3.5MTR";"1";"92Z";"2024-09-17 14:29:50";"1";"0"
"436";"20724";"DIFUSOR OPAL TIRA 2.5MTR";"1";"92Z";"2024-09-17 14:31:52";"1";"0"
"437";"28365";"DIFUSOR OPAL 1MTR";"1";"89E";"2024-09-17 14:33:37";"1";"0"
"438";"28367";"DIFUSOR OPAL SILICONADO 1MTR";"1";"90Z";"2024-09-17 14:36:52";"1";"0"
"439";"28363";"DIFUSOR OPAL SILICONADO 1MTR";"1";"90Z";"2024-09-17 14:37:50";"1";"0"
"440";"28343";"DIFUSOR OPAL 1MTR";"1";"025B01";"2024-09-17 14:39:02";"1";"0"
"441";"22775";"DIFUSOR OPAL 1MTR";"1";"89J";"2024-09-17 14:41:10";"1";"0"
"442";"24031";"DIFUSOR OPAL 1MTR";"1";"89N";"2024-09-17 14:43:38";"1";"0"
"443";"1970";"DIFUSOR OPAL 1MTR";"1";"025B03";"2024-09-17 14:44:13";"1";"0"
"444";"18904";"DIFUSOR OPAL 1MTR";"1";"023C02";"2024-09-17 15:23:48";"1";"0"
"445";"18899";"DIFUSOR OPAL 1MTR";"1";"92Z";"2024-09-17 15:24:33";"1";"0"
"446";"24036";"DIFUSOR CRISTAL 1MTR";"1";"023C01";"2024-09-17 15:25:45";"1";"0"
"447";"24035";"DIFUSOR OPAL 1MTR";"1";"023A03";"2024-09-17 15:26:51";"1";"0"
"448";"18906";"DIFUSOR OPAL 1MTR";"1";"89S";"2024-09-17 15:27:33";"1";"0"
"449";"18902";"DIFUSOR OPAL 1MTR";"1";"89B";"2024-09-17 15:28:14";"1";"0"
"450";"18907";"DIFUSOR OPAL 1MTR";"1";"020A03";"2024-09-17 15:28:50";"1";"0"
"451";"18903";"DIFUSOR OPAL 1MTR";"1";"026B02";"2024-09-17 15:29:25";"1";"0"
"452";"2058";"DIFUSOR OPAL 1MTR";"1";"025C02";"2024-09-17 15:30:07";"1";"0"
"453";"28366";"DIFUSOR OPAL SILICONADO 1MTR";"1";"90Z";"2024-09-17 15:31:17";"1";"0"
"454";"28368";"DIFUSOR OPAL SILICONADO 1MTR";"1";"90Z";"2024-09-17 15:32:04";"1";"0"
"455";"28361";"DIFUSOR OPAL SILICONADO 1MTR";"1";"90Z";"2024-09-17 15:32:45";"1";"0"
"456";"28362";"DIFUSOR OPAL SILICONADO 1MTR";"1";"90Z";"2024-09-17 15:33:31";"1";"0"
"457";"28364";"DIFUSOR OPAL SILICONADO 1MTR";"1";"90Z";"2024-09-17 15:34:26";"1";"0"
"458";"28369";"DIFUSOR OPAL SILICONADO 1MTR";"1";"90Z";"2024-09-17 15:35:07";"1";"0"
"459";"28370";"DIFUSOR OPAL SILICONADO 1MTR";"1";"90Z";"2024-09-17 15:35:45";"1";"0"
"460";"2073";"DIFUSOR OPAL 1MTR";"1";"89M";"2024-09-17 15:36:35";"1";"0"
"461";"24034";"DIFUSOR OPAL 1MTR";"1";"91C";"2024-09-17 15:38:54";"1";"0"
"462";"28067";"DIFUSOR OPAL 1MTR";"1";"91Z";"2024-09-17 15:39:39";"1";"0"
"463";"27295";"DIFUSOR OPAL 1MTR";"1";"024C04";"2024-09-17 15:40:54";"1";"0"
"464";"2054";"DIFUSOR OPAL 1MTR";"1";"023B06";"2024-09-17 15:41:37";"1";"0"
"465";"18898";"DIFUSOR OPAL 1MTR";"1";"023A05";"2024-09-17 15:42:24";"1";"0"
"466";"18905";"DIFUSOR OPAL 1MTR";"1";"023C03";"2024-09-17 15:43:19";"1";"0"
"467";"23924";"DIFUSOR OPAL 1MTR";"1";"94Z";"2024-09-17 15:44:00";"1";"0"
"468";"2024";"DIFUSOR OPAL 1MTR";"1";"92B";"2024-09-17 15:44:46";"1";"0"
"469";"2056";"DIFUSOR OPAL 1MTR";"1";"025A02";"2024-09-17 15:45:25";"1";"0"
"470";"28373";"DIFUSOR OPAL SILICONADO 1MTR";"1";"025A01";"2024-09-17 15:47:38";"1";"0"
"471";"24254";"DIFUSOR OPAL 1MTR";"1";"023A03";"2024-09-17 15:48:19";"1";"0"
"472";"28371";"DIFUSOR OPAL SILICONADO 1MTR";"1";"90Z";"2024-09-17 15:49:03";"1";"0"
"473";"28372";"DIFUSOR OPAL SILICONADO 1MTR";"1";"90Z";"2024-09-17 15:49:41";"1";"0"
"474";"18896";"DIFUSOR OPAL 1MTR";"1";"023C03";"2024-09-17 15:50:19";"1";"0"
"475";"24255";"DIFUSOR OPAL 1MTR";"1";"89C";"2024-09-17 15:51:03";"1";"0"
"476";"24257";"DIFUSOR OPAL 1MTR";"1";"92E";"2024-09-17 15:51:50";"1";"0"
"477";"2091";"DIFUSOR OPAL 1MTR";"1";"025C03";"2024-09-17 15:52:26";"1";"0"
"478";"1978";"DIFUSOR OPAL 1MTR";"1";"025A01";"2024-09-17 15:53:01";"1";"0"
"479";"23959";"DIFUSOR HUMO 1MTR";"1";"025B03";"2024-09-17 15:53:41";"1";"0"
"480";"28617";"TAPA PLASTICA CON HUECO";"2";"81O";"2024-09-17 15:57:10";"1";"0"
"481";"2057";"DIFUSOR OPAL 1MTR";"1";"023A02";"2024-09-17 15:58:04";"1";"0"
"482";"1977";"DIFUSOR OPAL 1MTR";"1";"89F";"2024-09-17 15:58:52";"1";"0"
"483";"22773";"DIFUSOR OPAL 1MTR";"1";"023A04";"2024-09-17 15:59:27";"1";"0"
"484";"26620";"TAPA ALUMINIO IZQUIERDA";"1";"85C";"2024-09-17 16:05:15";"0";"0"
"485";"26620";"PERFIL CORNISA";"1";"904A";"2024-09-17 16:05:41";"1";"0"
"486";"24065";"ZOCALO";"1";"89Z";"2024-09-17 16:06:37";"1";"0"
"487";"24033";"CLIP ALUMINIO GRIS PARA RA1009GO OBSEQUIO";"1";"81N";"2024-10-03 08:44:26";"1";"0"
"488";"24033";"TAPA PLASTICA GRIS CON PINES OBSEQUIO";"1";"81N";"2024-10-03 08:44:57";"1";"0"
"489";"24033";"CABLE PARA PERFIL RA1009GO POR CADA 6 METROS";"1";"81N";"2024-10-03 08:45:22";"1";"0"
"490";"24033";"TAPA PLASTICA GRIS SIN PINES OBSEQUIO";"1";"81N";"2024-10-03 08:49:34";"1";"0"
"491";"28687";"DIFUSOR NEGRO";"1";"908A";"2024-10-31 16:13:59";"1";"0"
"492";"28687";"TAPA PLASTICA NEGRA 2 TAPAS POR CADA TIRA DE 3 MET";"1";"85J";"2024-10-31 16:14:54";"1";"0"
"493";"28688";"DIFUSOR NEGRO";"1";"908A";"2024-10-31 16:16:07";"1";"0"
"494";"28688";"TAPA PLASTICA NEGRA 2 TAPAS POR CADA TIRA DE 3 MET";"1";"85J";"2024-10-31 16:16:33";"1";"0"
"495";"28686";"DIFUSOR NEGRO";"1";"908A";"2024-10-31 16:17:18";"1";"0"
"496";"28686";"TAPA PLASTICA NEGRA 2 TAPAS POR CADA TIRA DE 3 MET";"1";"85J";"2024-10-31 16:17:44";"1";"0"
"497";"28688";"TORNILLO PARA TAPA PLASTICA";"2";"85J";"2024-10-31 16:18:15";"1";"0"
"498";"1978";"TAPA PLASTICA CIEGA";"1";"017A14";"2024-11-01 14:50:54";"1";"0"
"499";"28708";"TAPA PLASTICA";"2";"017A06";"2024-11-08 13:33:16";"1";"0"
"500";"28708";"CLIP ALUMINIO";"2";"017A06";"2024-11-08 13:34:00";"1";"0"
"501";"28708";"DIFUSOR OPAL 1MTR";"1";"91O";"2024-11-08 13:35:09";"1";"0"
"502";"28709";"TAPA PLASTICA";"2";"87N";"2024-11-08 13:35:47";"1";"0"
"503";"28709";"CLIP ALUMINIO";"2";"87N";"2024-11-08 13:36:09";"1";"0"
"504";"28709";"DIFUSOR CRISTAL 1MTR";"1";"91B";"2024-11-08 13:36:35";"1";"0"
"505";"28710";"TAPA PLASTICA";"2";"017A14";"2024-11-08 13:37:05";"1";"0"
"506";"28710";"CLIP ALUMINIO";"2";"017A14";"2024-11-08 13:37:18";"1";"0"
"507";"28710";"DIFUSOR OPAL 1MTR";"1";"023A06";"2024-11-08 13:37:33";"1";"0"
"508";"28711";"TAPA PLASTICA";"2";"017A09";"2024-11-08 13:38:03";"1";"0"
"509";"28711";"CLIP ALUMINIO";"2";"87N";"2024-11-08 13:38:16";"0";"0"
"510";"28711";"DIFUSOR OPAL 1MTR";"1";"024B01";"2024-11-08 13:38:34";"1";"0"
"511";"28714";"TAPA PLASTICA";"2";"87M";"2024-11-08 13:39:45";"1";"0"
"512";"28714";"CLIP ALUMINIO";"2";"87M";"2024-11-08 13:40:00";"1";"0"
"513";"28714";"DIFUSOR OPAL 1MTR";"1";"909A";"2024-11-08 13:40:13";"1";"0"
"514";"28715";"TAPA PLASTICA";"2";"017A12";"2024-11-08 13:40:41";"1";"0"
"515";"28715";"CLIP ALUMINIO";"2";"017A12";"2024-11-08 13:40:59";"1";"0"
"516";"28715";"DIFUSOR OPAL 1MTR";"1";"024C02";"2024-11-08 13:41:13";"1";"0"
"517";"28373";"TAPA PLASTICA CON HUECO";"2";"017A16";"2025-04-23 16:18:24";"1";"0"
"518";"28825";"CABLE PODER 1/2";"1";"936";"2025-05-21 14:04:03";"1";"0"
"519";"28825";"BUS DE DATOS";"1";"936";"2025-05-21 14:04:28";"1";"0"
"520";"28825";"TORNILLO INTERIOR";"6";"87L";"2025-05-21 14:04:53";"1";"0"
"521";"28825";"IMAN";"6";"87L";"2025-05-21 14:05:06";"1";"0"
"522";"28685";"CABLE DE PODER 1/2";"1";"84D";"2025-05-21 14:06:46";"1";"0"
"523";"28685";"BUS DE DATOS";"1";"84D";"2025-05-21 14:07:01";"1";"0"
"524";"28685";"TORNILLO EXTERIOR";"8";"87L";"2025-05-21 14:07:25";"1";"0"
"525";"28685";"EMPAQUE";"1";"84E";"2025-05-21 14:07:50";"1";"0"
"526";"28846";"DIFUSOR OPAL TIRA 3.5MTR";"1";"908A";"2025-06-04 16:59:55";"1";"0"
"527";"28845";"DIFUSOR OPAL TIRA 3.5MTR";"1";"928A";"2025-06-04 17:00:42";"1";"0"
"528";"28764";"DIFUSOR OPAL 1MTR";"1";"932A";"2025-06-04 17:01:41";"1";"0"
"529";"28785";"PLATINA";"1";"81A";"2025-06-04 17:07:38";"1";"0"
"530";"28785";"TORNILLO NEGRO LARGO";"2";"016A17";"2025-06-04 17:08:05";"1";"0"
"531";"28785";"TORNILLO NEGRO CORTO";"2";"016A16";"2025-06-04 17:08:25";"1";"0"
"532";"28785";"GANCHO PARA FUENTE";"1";"016A18";"2025-06-04 17:11:32";"1";"0"
"533";"28785";"TORNILLO GANCHO";"2";"016A18";"2025-06-04 17:11:49";"1";"0"
"534";"28786";"PLATINA";"1";"81A";"2025-06-04 17:12:29";"1";"0"
"535";"28786";"TORNILLO NEGRO LARGO";"2";"016A17";"2025-06-04 17:12:50";"1";"0"
"536";"28786";"TORNILLO NEGRO CORTO";"2";"016A16";"2025-06-04 17:13:05";"1";"0"
"537";"28786";"GANCHO PARA FUENTE";"1";"016A18";"2025-06-04 17:13:19";"1";"0"
"538";"28786";"TORNILLO GANCHO";"2";"016A18";"2025-06-04 17:13:33";"1";"0"
"539";"28787";"PLATINA";"1";"81A";"2025-06-04 17:14:07";"1";"0"
"540";"28787";"TORNILLO NEGRO LARGO";"2";"016A17";"2025-06-04 17:14:24";"1";"0"
"541";"28787";"TORNILLO NEGRO CORTO";"2";"016A16";"2025-06-04 17:14:37";"1";"0"
"542";"28787";"GANCHO PARA FUENTE";"1";"016A18";"2025-06-04 17:14:51";"1";"0"
"543";"28787";"TORNILLO GANCHO";"2";"016A18";"2025-06-04 17:15:11";"1";"0"
"544";"28788";"PLATINA";"1";"81A";"2025-06-04 17:15:42";"1";"0"
"545";"28788";"TORNILLO NEGRO LARGO";"2";"016A17";"2025-06-04 17:15:56";"1";"0"
"546";"28788";"TORNILLO NEGRO CORTO";"2";"016A16";"2025-06-04 17:16:11";"1";"0"
"547";"28788";"GANCHO PARA FUENTE";"1";"016A18";"2025-06-04 17:16:30";"1";"0"
"548";"28788";"TORNILLO GANCHO";"2";"016A18";"2025-06-04 17:16:45";"1";"0"
"549";"28736";"PIN PLASTICO";"2";"87F";"2025-06-05 08:24:19";"1";"0"
"550";"28736";"CABLE CORTO";"2";"87F";"2025-06-05 08:24:35";"1";"0"
"551";"28737";"PIN PLASTICO";"2";"87F";"2025-06-05 08:25:19";"1";"0"
"552";"28737";"CABLE CORTO";"2";"87F";"2025-06-05 08:25:34";"1";"0"
"553";"28738";"PIN PLASTICO";"2";"87F";"2025-06-05 08:25:58";"1";"0"
"554";"28738";"CABLE CORTO";"2";"87F";"2025-06-05 08:26:36";"1";"0"
"555";"29027";"TORNILLO";"2";"85A";"2025-06-10 10:39:50";"1";"0"
"556";"29029";"TORNILLO";"2";"017A01";"2025-06-10 10:40:28";"1";"0"
"557";"29031";"TORNILLO";"2";"85C";"2025-06-10 11:19:09";"1";"0"
"558";"29032";"TORNILLO";"2";"85C";"2025-06-10 11:19:32";"1";"0"
"559";"20712";"ETIQUETA DE GARANTIA";"1";"001";"2025-07-16 08:47:44";"1";"0"
"560";"28374";"ETIQUETA DE GARANTIA";"1";"001";"2025-07-16 08:48:48";"1";"0"
"561";"18993";"ETIQUETA DE GARANTIA";"1";"001";"2025-07-16 08:49:25";"1";"0"
"562";"27130";"ETIQUETA DE GARANTIA";"1";"001";"2025-07-16 08:49:59";"1";"0"
"563";"24201";"ETIQUETA DE GARANTIA";"1";"001";"2025-07-16 08:50:26";"1";"0"
"564";"27131";"ETIQUETA DE GARANTIA";"1";"001";"2025-07-16 09:21:26";"1";"0"
"565";"1433";"ETIQUETA DE GARANTIA";"1";"001";"2025-07-16 09:21:55";"1";"0"
"566";"1432";"ETIQUETA DE GARANTIA";"1";"001";"2025-07-16 09:22:26";"1";"0"
"567";"1431";"ETIQUETA DE GARANTIA";"1";"001";"2025-07-16 09:22:54";"1";"0"
"568";"22907";"ETIQUETA DE GARANTIA";"1";"001";"2025-07-16 09:25:51";"1";"0"
"569";"24058";"ETIQUETA DE GARANTIA";"1";"001";"2025-07-16 09:26:16";"1";"0"
"570";"24057";"ETIQUETA DE GARANTIA";"1";"001";"2025-07-16 09:26:39";"1";"0"
"571";"5085";"ETIQUETA DE GARANTIA";"1";"001";"2025-07-16 09:27:02";"1";"0"
"572";"5107";"ETIQUETA DE GARANTIA";"1";"001";"2025-07-16 09:27:25";"1";"0"
"573";"1430";"ETIQUETA DE GARANTIA";"1";"001";"2025-07-16 09:27:48";"1";"0"
"574";"23885";"ETIQUETA DE GARANTIA";"1";"001";"2025-07-16 09:28:10";"1";"0"
"575";"24059";"ETIQUETA DE GARANTIA";"1";"001";"2025-07-16 09:28:32";"1";"0"
"576";"28817";"ETIQUETA DE GARANTIA";"1";"001";"2025-07-16 09:28:54";"1";"0"
"577";"1343";"ETIQUETA DE GARANTIA";"1";"001";"2025-07-16 09:29:16";"1";"0"
"578";"5102";"ETIQUETA DE GARANTIA";"1";"001";"2025-07-16 09:29:38";"1";"0"
"579";"5103";"ETIQUETA DE GARANTIA";"1";"001";"2025-07-16 09:29:58";"1";"0"
"580";"1075";"ETIQUETA DE GARANTIA";"1";"001";"2025-07-16 09:30:23";"1";"0"
"581";"1076";"ETIQUETA DE GARANTIA";"1";"001";"2025-07-16 09:30:47";"1";"0"
"582";"20336";"ETIQUETA DE GARANTIA";"1";"001";"2025-07-16 09:31:09";"1";"0"
"583";"20335";"ETIQUETA DE GARANTIA";"1";"001";"2025-07-16 09:31:32";"1";"0"
"584";"20334";"ETIQUETA DE GARANTIA";"1";"001";"2025-07-16 09:32:02";"1";"0"
"585";"28213";"ETIQUETA DE GARANTIA COLOCA LABORATORIO";"1";"001";"2025-07-16 09:33:03";"1";"0"
"586";"28214";"ETIQUETA DE GARANTIA COLOCA LABORATORIO";"1";"001";"2025-07-16 09:33:50";"1";"0"
"587";"28215";"ETIQUETA DE GARANTIA COLOCA LABORATORIO";"1";"001";"2025-07-16 09:34:14";"1";"0"
"588";"28216";"ETIQUETA DE GARANTIA COLOCA LABORATORIO";"1";"001";"2025-07-16 09:34:39";"1";"0"
"589";"28212";"ETIQUETA DE GARANTIA COLOCA LABORATORIO";"1";"001";"2025-07-16 09:35:10";"1";"0"
"590";"28217";"ETIQUETA DE GARANTIA COLOCA LABORATORIO";"1";"001";"2025-07-16 09:35:32";"1";"0"
"591";"27123";"ETIQUETA DE GARANTIA";"1";"001";"2025-07-16 09:35:56";"1";"0"
"592";"27124";"ETIQUETA DE GARANTIA";"1";"001";"2025-07-16 09:36:21";"1";"0"
"593";"27108";"ETIQUETA DE GARANTIA";"1";"001";"2025-07-16 09:36:45";"1";"0"
"594";"28775";"ETIQUETA DE GARANTIA";"1";"001";"2025-07-16 09:37:09";"1";"0"
"595";"27107";"ETIQUETA DE GARANTIA";"1";"001";"2025-07-16 09:37:29";"1";"0"
"596";"28774";"ETIQUETA DE GARANTIA";"1";"001";"2025-07-16 09:37:51";"1";"0"
"597";"27104";"ETIQUETA DE GARANTIA";"1";"001";"2025-07-16 09:38:20";"1";"0"
"598";"28773";"ETIQUETA DE GARANTIA";"1";"001";"2025-07-16 09:38:42";"1";"0"
"599";"27110";"ETIQUETA DE GARANTIA";"1";"001";"2025-07-16 09:39:26";"1";"0"
"600";"27105";"ETIQUETA DE GARANTIA";"1";"001";"2025-07-16 09:39:47";"1";"0"
"601";"27111";"ETIQUETA DE GARANTIA";"1";"001";"2025-07-16 09:40:06";"1";"0"
"602";"27106";"ETIQUETA DE GARANTIA";"1";"001";"2025-07-16 09:40:27";"1";"0"
"603";"27112";"ETIQUETA DE GARANTIA";"1";"001";"2025-07-16 09:40:52";"1";"0"
"604";"27103";"ETIQUETA DE GARANTIA";"1";"001";"2025-07-16 09:41:14";"1";"0"
"605";"28772";"ETIQUETA DE GARANTIA";"1";"001";"2025-07-16 09:41:36";"1";"0"
"606";"27109";"ETIQUETA DE GARANTIA";"1";"001";"2025-07-16 09:42:00";"1";"0"
"607";"27121";"ETIQUETA DE GARANTIA";"1";"001";"2025-07-16 09:42:45";"1";"0"
"608";"27122";"ETIQUETA DE GARANTIA";"1";"001";"2025-07-16 09:43:09";"1";"0"
"609";"27100";"ETIQUETA DE GARANTIA";"1";"001";"2025-07-16 09:43:40";"1";"0"
"610";"27101";"ETIQUETA DE GARANTIA";"1";"001";"2025-07-16 09:44:03";"1";"0"
"611";"27102";"ETIQUETA DE GARANTIA";"1";"001";"2025-07-16 09:44:36";"1";"0"
"612";"28770";"ETIQUETA DE GARANTIA";"1";"001";"2025-07-16 09:44:58";"1";"0"
"613";"28771";"ETIQUETA DE GARANTIA";"1";"001";"2025-07-16 09:45:20";"1";"0"
"614";"27113";"ETIQUETA DE GARANTIA";"1";"001";"2025-07-16 09:45:39";"1";"0"
"615";"27114";"ETIQUETA DE GARANTIA";"1";"001";"2025-07-16 09:46:03";"1";"0"
"616";"27115";"ETIQUETA DE GARANTIA";"1";"001";"2025-07-16 09:46:24";"1";"0"
"617";"27116";"ETIQUETA DE GARANTIA";"1";"001";"2025-07-16 09:47:33";"1";"0"
"618";"27117";"ETIQUETA DE GARANTIA";"1";"001";"2025-07-16 09:47:59";"1";"0"
"619";"27118";"ETIQUETA DE GARANTIA";"1";"001";"2025-07-16 09:48:20";"1";"0"
"620";"28776";"ETIQUETA DE GARANTIA";"1";"001";"2025-07-16 09:48:44";"1";"0"
"621";"28777";"ETIQUETA DE GARANTIA";"1";"001";"2025-07-16 09:49:06";"1";"0"
"622";"27119";"ETIQUETA DE GARANTIA";"1";"001";"2025-07-16 09:49:29";"1";"0"
"623";"27120";"ETIQUETA DE GARANTIA";"1";"001";"2025-07-16 09:49:55";"1";"0"
"624";"893";"ETIQUETA DE GARANTIA";"1";"001";"2025-07-16 09:50:17";"1";"0"
"625";"28827";"ETIQUETA DE GARANTIA";"1";"001";"2025-07-16 09:50:44";"1";"0"
"626";"28826";"ETIQUETA DE GARANTIA";"1";"001";"2025-07-16 09:51:08";"1";"0"
"627";"28830";"ETIQUETA DE GARANTIA";"1";"001";"2025-07-16 09:51:30";"1";"0"
"628";"28829";"ETIQUETA DE GARANTIA";"1";"001";"2025-07-16 09:51:58";"1";"0"
"629";"28828";"ETIQUETA DE GARANTIA";"1";"001";"2025-07-16 09:52:21";"1";"0"
"630";"1073";"ETIQUETA DE GARANTIA";"1";"001";"2025-07-16 09:52:43";"1";"0"
"631";"1072";"ETIQUETA DE GARANTIA";"1";"001";"2025-07-16 09:53:10";"1";"0"
"632";"1028";"ETIQUETA DE GARANTIA COLOCA LABORATORIO";"1";"001";"2025-07-16 09:53:59";"1";"0"
"633";"28622";"ETIQUETA DE GARANTIA COLOCA LABORATORIO";"1";"001";"2025-07-16 09:54:25";"1";"0"
"634";"25883";"ETIQUETA DE GARANTIA COLOCA LABORATORIO";"1";"001";"2025-07-16 09:54:49";"1";"0"
"635";"1031";"ETIQUETA DE GARANTIA COLOCA LABORATORIO";"1";"001";"2025-07-16 09:55:13";"1";"0"
"636";"1032";"ETIQUETA DE GARANTIA COLOCA LABORATORIO";"1";"001";"2025-07-16 09:55:35";"1";"0"
"637";"1033";"ETIQUETA DE GARANTIA COLOCA LABORATORIO";"1";"001";"2025-07-16 09:56:04";"1";"0"
"638";"4940";"ETIQUETA DE GARANTIA COLOCA LABORATORIO";"1";"001";"2025-07-16 09:56:42";"1";"0"
"639";"4941";"ETIQUETA DE GARANTIA COLOCA LABORATORIO";"1";"001";"2025-07-16 09:57:12";"1";"0"
"640";"4939";"ETIQUETA DE GARANTIA COLOCA LABORATORIO";"1";"001";"2025-07-16 09:57:32";"1";"0"
"641";"1029";"ETIQUETA DE GARANTIA COLOCA LABORATORIO";"1";"001";"2025-07-16 09:57:56";"1";"0"
"642";"1030";"ETIQUETA DE GARANTIA COLOCA LABORATORIO";"1";"001";"2025-07-16 09:58:20";"1";"0"
"643";"1043";"ETIQUETA DE GARANTIA COLOCA LABORATORIO";"1";"001";"2025-07-16 09:58:43";"1";"0"
"644";"1044";"ETIQUETA DE GARANTIA COLOCA LABORATORIO";"1";"001";"2025-07-16 09:59:06";"1";"0"
"645";"1045";"ETIQUETA DE GARANTIA COLOCA LABORATORIO";"1";"001";"2025-07-16 09:59:28";"1";"0"
"646";"4947";"ETIQUETA DE GARANTIA COLOCA LABORATORIO";"1";"001";"2025-07-16 09:59:50";"1";"0"
"647";"4948";"ETIQUETA DE GARANTIA COLOCA LABORATORIO";"1";"001";"2025-07-16 10:00:14";"1";"0"
"648";"4949";"ETIQUETA DE GARANTIA COLOCA LABORATORIO";"1";"001";"2025-07-16 10:00:38";"1";"0"
"649";"4946";"ETIQUETA DE GARANTIA COLOCA LABORATORIO";"1";"001";"2025-07-16 10:01:00";"1";"0"
"650";"1041";"ETIQUETA DE GARANTIA COLOCA LABORATORIO";"1";"001";"2025-07-16 10:01:20";"1";"0"
"651";"1042";"PLATINA NEGRA 50X70";"1";"907A";"2025-07-16 10:01:42";"1";"0"
"652";"995";"ETIQUETA DE GARANTIA COLOCA LABORATORIO";"1";"001";"2025-07-16 10:02:15";"1";"0"
"653";"24161";"ETIQUETA DE GARANTIA COLOCA LABORATORIO";"1";"001";"2025-07-16 10:02:37";"1";"0"
"654";"996";"ETIQUETA DE GARANTIA COLOCA LABORATORIO";"1";"001";"2025-07-16 10:02:58";"1";"0"
"655";"997";"ETIQUETA DE GARANTIA COLOCA LABORATORIO";"1";"001";"2025-07-16 10:03:22";"1";"0"
"656";"23980";"ETIQUETA DE GARANTIA COLOCA LABORATORIO";"1";"001";"2025-07-16 10:03:46";"1";"0"
"657";"998";"ETIQUETA DE GARANTIA COLOCA LABORATORIO";"1";"001";"2025-07-16 10:04:12";"1";"0"
"658";"999";"ETIQUETA DE GARANTIA COLOCA LABORATORIO";"1";"001";"2025-07-16 10:04:41";"1";"0"
"659";"992";"ETIQUETA DE GARANTIA COLOCA LABORATORIO";"1";"001";"2025-07-16 10:05:08";"1";"0"
"660";"993";"ETIQUETA DE GARANTIA COLOCA LABORATORIO";"1";"001";"2025-07-16 10:05:31";"1";"0"
"661";"24007";"ETIQUETA DE GARANTIA COLOCA LABORATORIO";"1";"001";"2025-07-16 10:05:52";"1";"0"
"662";"994";"ETIQUETA DE GARANTIA COLOCA LABORATORIO";"1";"001";"2025-07-16 10:06:22";"1";"0"
"663";"11107";"ETIQUETA DE GARANTIA COLOCA LABORATORIO";"1";"001";"2025-07-16 10:06:43";"1";"0"
"664";"1010";"ETIQUETA DE GARANTIA COLOCA LABORATORIO";"1";"001";"2025-07-16 10:07:07";"1";"0"
"665";"1011";"ETIQUETA DE GARANTIA COLOCA LABORATORIO";"1";"001";"2025-07-16 11:07:27";"1";"0"
"666";"24005";"ETIQUETA DE GARANTIA COLOCA LABORATORIO";"1";"001";"2025-07-16 11:08:00";"1";"0"
"667";"1012";"ETIQUETA DE GARANTIA COLOCA LABORATORIO";"1";"001";"2025-07-16 11:08:30";"1";"0"
"668";"1013";"ETIQUETA DE GARANTIA COLOCA LABORATORIO";"1";"001";"2025-07-16 11:08:57";"1";"0"
"669";"1014";"ETIQUETA DE GARANTIA COLOCA LABORATORIO";"1";"001";"2025-07-16 11:21:49";"1";"0"
"670";"23982";"ETIQUETA DE GARANTIA COLOCA LABORATORIO";"1";"001";"2025-07-16 11:22:13";"1";"0"
"671";"1015";"ETIQUETA DE GARANTIA COLOCA LABORATORIO";"1";"001";"2025-07-16 11:22:47";"1";"0"
"672";"1007";"ETIQUETA DE GARANTIA COLOCA LABORATORIO";"1";"001";"2025-07-16 11:23:16";"1";"0"
"673";"1008";"ETIQUETA DE GARANTIA COLOCA LABORATORIO";"1";"001";"2025-07-16 11:23:40";"1";"0"
"674";"1009";"ETIQUETA DE GARANTIA COLOCA LABORATORIO";"1";"001";"2025-07-16 11:25:34";"1";"0"
"675";"24000";"ETIQUETA DE GARANTIA COLOCA LABORATORIO";"1";"001";"2025-07-16 11:27:53";"1";"0"
"676";"1039";"ETIQUETA DE GARANTIA COLOCA LABORATORIO";"1";"001";"2025-07-16 11:28:18";"1";"0"
"677";"1040";"ETIQUETA DE GARANTIA COLOCA LABORATORIO";"1";"001";"2025-07-16 11:28:41";"1";"0"
"678";"4943";"ETIQUETA DE GARANTIA COLOCA LABORATORIO";"1";"001";"2025-07-16 11:29:05";"1";"0"
"679";"4944";"ETIQUETA DE GARANTIA COLOCA LABORATORIO";"1";"001";"2025-07-16 11:33:46";"1";"0"
"680";"4945";"ETIQUETA DE GARANTIA COLOCA LABORATORIO";"1";"001";"2025-07-16 11:34:09";"1";"0"
"681";"4942";"ETIQUETA DE GARANTIA COLOCA LABORATORIO";"1";"001";"2025-07-16 11:34:33";"1";"0"
"682";"1037";"ETIQUETA DE GARANTIA COLOCA LABORATORIO";"1";"001";"2025-07-16 11:35:44";"1";"0"
"683";"1038";"ETIQUETA DE GARANTIA COLOCA LABORATORIO";"1";"001";"2025-07-16 11:36:04";"1";"0"
"684";"1048";"ETIQUETA DE GARANTIA COLOCA LABORATORIO";"1";"001";"2025-07-16 11:36:29";"1";"0"
"685";"1049";"ETIQUETA DE GARANTIA COLOCA LABORATORIO";"1";"001";"2025-07-16 11:36:49";"1";"0"
"686";"1050";"ETIQUETA DE GARANTIA COLOCA LABORATORIO";"1";"001";"2025-07-16 11:37:14";"1";"0"
"687";"4951";"ETIQUETA DE GARANTIA COLOCA LABORATORIO";"1";"001";"2025-07-16 11:37:36";"1";"0"
"688";"4952";"ETIQUETA DE GARANTIA COLOCA LABORATORIO";"1";"001";"2025-07-16 11:39:18";"1";"0"
"689";"4953";"ETIQUETA DE GARANTIA COLOCA LABORATORIO";"1";"001";"2025-07-16 13:08:00";"1";"0"
"690";"4950";"ETIQUETA DE GARANTIA COLOCA LABORATORIO";"1";"001";"2025-07-16 13:08:22";"1";"0"
"691";"1046";"ETIQUETA DE GARANTIA COLOCA LABORATORIO";"1";"001";"2025-07-16 13:08:43";"1";"0"
"692";"1047";"ETIQUETA DE GARANTIA COLOCA LABORATORIO";"1";"001";"2025-07-16 13:09:50";"1";"0"
"693";"1004";"ETIQUETA DE GARANTIA COLOCA LABORATORIO";"1";"001";"2025-07-16 13:11:23";"1";"0"
"694";"1005";"ETIQUETA DE GARANTIA COLOCA LABORATORIO";"1";"001";"2025-07-16 13:11:43";"1";"0"
"695";"1006";"ETIQUETA DE GARANTIA COLOCA LABORATORIO";"1";"001";"2025-07-16 13:12:52";"1";"0"
"696";"4747";"ETIQUETA DE GARANTIA COLOCA LABORATORIO";"1";"001";"2025-07-16 13:13:23";"1";"0"
"697";"4748";"ETIQUETA DE GARANTIA COLOCA LABORATORIO";"1";"001";"2025-07-16 13:13:58";"1";"0"
"698";"4746";"ETIQUETA DE GARANTIA COLOCA LABORATORIO";"1";"001";"2025-07-16 13:14:26";"1";"0"
"699";"1002";"ETIQUETA DE GARANTIA COLOCA LABORATORIO";"1";"001";"2025-07-16 13:23:23";"1";"0"
"700";"1003";"ETIQUETA DE GARANTIA COLOCA LABORATORIO";"1";"001";"2025-07-16 13:23:44";"1";"0"
"701";"1019";"ETIQUETA DE GARANTIA COLOCA LABORATORIO";"1";"001";"2025-07-16 13:24:09";"1";"0"
"702";"1020";"ETIQUETA DE GARANTIA COLOCA LABORATORIO";"1";"001";"2025-07-16 13:24:49";"1";"0"
"703";"1021";"ETIQUETA DE GARANTIA COLOCA LABORATORIO";"1";"001";"2025-07-16 13:25:14";"1";"0"
"704";"1022";"ETIQUETA DE GARANTIA COLOCA LABORATORIO";"1";"001";"2025-07-16 13:25:36";"1";"0"
"705";"4750";"ETIQUETA DE GARANTIA COLOCA LABORATORIO";"1";"001";"2025-07-16 13:25:57";"1";"0"
"706";"1023";"ETIQUETA DE GARANTIA COLOCA LABORATORIO";"1";"001";"2025-07-16 13:26:20";"1";"0"
"707";"4749";"ETIQUETA DE GARANTIA COLOCA LABORATORIO";"1";"001";"2025-07-16 13:26:42";"1";"0"
"708";"1017";"ETIQUETA DE GARANTIA COLOCA LABORATORIO";"1";"001";"2025-07-16 13:27:03";"1";"0"
"709";"1018";"ETIQUETA DE GARANTIA COLOCA LABORATORIO";"1";"001";"2025-07-16 13:27:24";"1";"0"
"710";"1025";"ETIQUETA DE GARANTIA COLOCA LABORATORIO";"1";"001";"2025-07-16 13:27:45";"1";"0"
"711";"1026";"ETIQUETA DE GARANTIA COLOCA LABORATORIO";"1";"001";"2025-07-16 13:28:11";"1";"0"
"712";"28841";"ETIQUETA DE GARANTIA COLOCA LABORATORIO";"1";"001";"2025-07-16 13:28:36";"1";"0"
"713";"23972";"ETIQUETA DE GARANTIA COLOCA LABORATORIO";"1";"001";"2025-07-16 13:29:02";"1";"0"
"714";"24148";"ETIQUETA DE GARANTIA COLOCA LABORATORIO";"1";"001";"2025-07-16 13:29:23";"1";"0"
"715";"24004";"ETIQUETA DE GARANTIA COLOCA LABORATORIO";"1";"001";"2025-07-16 13:29:47";"1";"0"
"716";"24003";"ETIQUETA DE GARANTIA COLOCA LABORATORIO";"1";"001";"2025-07-16 13:30:12";"1";"0"
"717";"1374";"ETIQUETA DE GARANTIA";"1";"001";"2025-07-16 13:30:45";"1";"0"
"718";"42";"ETIQUETA DE GARANTIA";"1";"001";"2025-07-16 13:31:12";"1";"0"
"719";"28626";"ETIQUETA DE GARANTIA COLOCA LABORATORIO";"1";"001";"2025-07-16 13:31:38";"1";"0"
"720";"1065";"ETIQUETA DE GARANTIA COLOCA LABORATORIO";"1";"001";"2025-07-16 13:35:06";"1";"0"
"721";"28627";"ETIQUETA DE GARANTIA COLOCA LABORATORIO";"1";"001";"2025-07-16 13:39:03";"1";"0"
"722";"28628";"ETIQUETA DE GARANTIA COLOCA LABORATORIO";"1";"001";"2025-07-16 13:39:34";"1";"0"
"723";"28629";"ETIQUETA DE GARANTIA COLOCA LABORATORIO";"1";"001";"2025-07-16 13:40:18";"1";"0"
"724";"28630";"ETIQUETA DE GARANTIA COLOCA LABORATORIO";"1";"001";"2025-07-16 13:40:47";"1";"0"
"725";"28625";"ETIQUETA DE GARANTIA COLOCA LABORATORIO";"1";"001";"2025-07-16 13:42:12";"1";"0"
"726";"1059";"ETIQUETA DE GARANTIA COLOCA LABORATORIO";"1";"001";"2025-07-16 13:44:23";"1";"0"
"727";"1060";"ETIQUETA DE GARANTIA COLOCA LABORATORIO";"1";"001";"2025-07-16 13:44:45";"1";"0"
"728";"28634";"ETIQUETA DE GARANTIA COLOCA LABORATORIO";"1";"001";"2025-07-16 13:45:08";"1";"0"
"729";"28635";"ETIQUETA DE GARANTIA COLOCA LABORATORIO";"1";"001";"2025-07-16 13:45:33";"1";"0"
"730";"28636";"ETIQUETA DE GARANTIA COLOCA LABORATORIO";"1";"001";"2025-07-16 13:45:56";"1";"0"
"731";"28637";"ETIQUETA DE GARANTIA COLOCA LABORATORIO";"1";"001";"2025-07-16 13:46:18";"1";"0"
"732";"28638";"ETIQUETA DE GARANTIA COLOCA LABORATORIO";"1";"001";"2025-07-16 13:46:45";"1";"0"
"733";"28639";"ETIQUETA DE GARANTIA COLOCA LABORATORIO";"1";"001";"2025-07-16 13:47:13";"1";"0"
"734";"28631";"ETIQUETA DE GARANTIA COLOCA LABORATORIO";"1";"001";"2025-07-16 13:47:37";"1";"0"
"735";"28632";"ETIQUETA DE GARANTIA COLOCA LABORATORIO";"1";"001";"2025-07-16 13:47:58";"1";"0"
"736";"28633";"ETIQUETA DE GARANTIA COLOCA LABORATORIO";"1";"001";"2025-07-16 13:48:18";"1";"0"
"737";"28643";"ETIQUETA DE GARANTIA COLOCA LABORATORIO";"1";"001";"2025-07-16 13:48:37";"1";"0"
"738";"28644";"ETIQUETA DE GARANTIA COLOCA LABORATORIO";"1";"001";"2025-07-16 13:48:58";"1";"0"
"739";"28645";"ETIQUETA DE GARANTIA COLOCA LABORATORIO";"1";"001";"2025-07-16 14:04:41";"1";"0"
"740";"28646";"ETIQUETA DE GARANTIA COLOCA LABORATORIO";"1";"001";"2025-07-16 14:05:05";"1";"0"
"741";"28647";"ETIQUETA DE GARANTIA COLOCA LABORATORIO";"1";"001";"2025-07-16 14:05:54";"1";"0"
"742";"28640";"ETIQUETA DE GARANTIA COLOCA LABORATORIO";"1";"001";"2025-07-16 14:06:16";"1";"0"
"743";"28641";"ETIQUETA DE GARANTIA COLOCA LABORATORIO";"1";"001";"2025-07-16 14:07:19";"1";"0"
"744";"28642";"ETIQUETA DE GARANTIA COLOCA LABORATORIO";"1";"001";"2025-07-16 14:07:40";"1";"0"
"745";"28651";"ETIQUETA DE GARANTIA COLOCA LABORATORIO";"1";"001";"2025-07-16 14:08:33";"1";"0"
"746";"28652";"ETIQUETA DE GARANTIA COLOCA LABORATORIO";"1";"001";"2025-07-16 14:09:23";"1";"0"
"747";"28653";"ETIQUETA DE GARANTIA COLOCA LABORATORIO";"1";"001";"2025-07-16 14:09:45";"1";"0"
"748";"28654";"ETIQUETA DE GARANTIA COLOCA LABORATORIO";"1";"001";"2025-07-16 14:10:07";"1";"0"
"749";"28655";"ETIQUETA DE GARANTIA COLOCA LABORATORIO";"1";"001";"2025-07-16 14:10:28";"1";"0"
"750";"28656";"ETIQUETA DE GARANTIA COLOCA LABORATORIO";"1";"001";"2025-07-16 14:10:50";"1";"0"
"751";"28648";"ETIQUETA DE GARANTIA COLOCA LABORATORIO";"1";"001";"2025-07-16 14:11:19";"1";"0"
"752";"28649";"ETIQUETA DE GARANTIA COLOCA LABORATORIO";"1";"001";"2025-07-16 14:11:42";"1";"0"
"753";"28650";"ETIQUETA DE GARANTIA COLOCA LABORATORIO";"1";"001";"2025-07-16 14:12:05";"1";"0"
"754";"23978";"ETIQUETA DE GARANTIA COLOCA LABORATORIO";"1";"001";"2025-07-16 14:12:35";"1";"0"
"755";"28911";"ETIQUETA DE GARANTIA COLOCA LABORATORIO";"1";"001";"2025-07-16 14:12:56";"1";"0"
"756";"28516";"ETIQUETA DE GARANTIA COLOCA LABORATORIO";"1";"001";"2025-07-16 14:13:21";"1";"0"
"757";"21754";"ETIQUETA DE GARANTIA";"1";"001";"2025-07-16 14:13:48";"1";"0"
"758";"24060";"ETIQUETA DE GARANTIA";"1";"001";"2025-07-16 14:14:15";"1";"0"
"759";"18992";"ETIQUETA DE GARANTIA";"1";"001";"2025-07-16 14:14:36";"1";"0"
"760";"852";"ETIQUETA DE GARANTIA";"1";"001";"2025-07-16 14:15:06";"1";"0"
"761";"28922";"PLATINA NEGRA PLANA SOPORTE A2";"1";"04A03";"2025-10-29 09:57:19";"1";
"762";"28924";"PLATINA NEGRA PLANA SOPORTE A3";"1";"04A03";"2025-10-29 09:58:00";"1";
"763";"848";"ANTENA WIFI";"1";"010A06";"2025-12-18 07:25:15";"1";
