Codigo_Interno;SKU;Nombre;Tipo;Grupo_Comercial;Voltaje;Potencia;Tipo_Alimentacion;Intensidad_Luminica;Unidad_Minima_Corte
3030274;3030274;MODULO RESINADO 5050-3 7815 RGB SALDO;IMPORTADO;NULL;12.00;0.72;CV;NULL;NULL
3030280;3030280;MELP12BLANCO FRIO 9000K 12V MODULO ECO LUPA 6513 2835-3 105LM 1W;IMPORTADO;NULL;12.00;1.00;CV;105;NULL
3030282;3030282;MELG12BLANCO 12V BLANCO FRIO 9000K MODULO ECO LUPA 8218 5730-3 140LM 1.44W;IMPORTADO;NULL;12.00;1.44;CV;140;NULL
3030283;3030283;MELG12AZUL 12V AZUL MODULO ECO LUPA 8218 5730-3 1.44W;IMPORTADO;NULL;12.00;1.44;CV;NULL;NULL
3030284;3030284;MELG12FUCSIA 12V FUCSIA MODULO ECO LUPA 8218 5730-3 1.44W;IMPORTADO;NULL;12.00;1.44;CV;NULL;NULL
3030285;3030285;MELG12VERDE 12V VERDE MODULO ECO LUPA 8218 5730-3 1.44W;IMPORTADO;NULL;12.00;1.44;CV;NULL;NULL
3030286;3030286;MELG12ROJO 12V ROJO MODULO ECO LUPA 8218 5730-3 1.44W;IMPORTADO;NULL;12.00;1.44;CV;NULL;NULL
3030287;3030287;MELG12AMARILLO 12V AMARILLO MODULO ECO LUPA 8218 5730-3 1.44W;IMPORTADO;NULL;12.00;1.44;CV;NULL;NULL
3030288;3030288;MELG12AGUAM 12V AGUAMARINA MODULO ECO LUPA 8218 5730-3 1.44W;IMPORTADO;NULL;12.00;1.44;CV;NULL;NULL
3030291;3030291;MODULO ECO TURBO VERDE 3030-3 8518 24V 3W 260LUMEN;IMPORTADO;NULL;24.00;3.00;CV;NULL;NULL
3030293;3030293;MODULO ECO TURBO FUCSIA 3030-3 8518 24V 3W 260LUMEN;IMPORTADO;NULL;24.00;3.00;CV;NULL;NULL
3030294;3030294;MELG24BLANCO 24V BLANCO FRIO MODULO ECO LUPA 8218 5730-3 1.44W;IMPORTADO;NULL;24.00;1.44;CV;NULL;NULL
3030295;3030295;MELG24AZUL 24V AZUL MODULO ECO LUPA 8218 5730-3 1.44W;IMPORTADO;NULL;24.00;1.44;CV;NULL;NULL
3030296;3030296;MELG24FUCSIA 24V FUCSIA MODULO ECO LUPA 8218 5730-3 1.44W;IMPORTADO;NULL;24.00;1.44;CV;NULL;NULL
3030297;3030297;MELG24VERDE 24V VERDE MODULO ECO LUPA 8218 5730-3 1.44W;IMPORTADO;NULL;24.00;1.44;CV;NULL;NULL
3030298;3030298;MELG24AGUAM 24V AGUAMARINA MODULO ECO LUPA 8218 5730-3 1.44W;IMPORTADO;NULL;24.00;1.44;CV;NULL;NULL
3030308;3030308;MELP12ROJO 12V ROJO MODULO ECO LUPA 6513 2835-3 1W;IMPORTADO;NULL;12.00;1.00;CV;NULL;NULL
3030309;3030309;MELP12AZUL 12V AZUL MODULO ECO LUPA 6513 2835-3 1W;IMPORTADO;NULL;12.00;1.00;CV;NULL;NULL
3030310;3030310;MELP12VERDE 12V VERDE MODULO ECO LUPA 6513 2835-3 1W;IMPORTADO;NULL;12.00;1.00;CV;NULL;NULL
3030311;3030311;MELP12AMARILLO 12V AMARILLO MODULO ECO LUPA 6513 2835-3 1W;IMPORTADO;NULL;12.00;1.00;CV;NULL;NULL
3030312;3030312;MELP12AGUAM 12V AGUAMARINA MODULO ECO LUPA 6513 2835-3 105LM 1W;IMPORTADO;NULL;12.00;1.00;CV;105;NULL
3030313;3030313;MELP12TORONJA 12V TORONJA MODULO ECO LUPA 6513 2835-3 1W;IMPORTADO;NULL;12.00;1.00;CV;NULL;NULL
3030314;3030314;MELP12FUCSIA 12V FUSCIA MODULO ECO LUPA 6513 2835-3 1W;IMPORTADO;NULL;12.00;1.00;CV;NULL;NULL
3030315;3030315;MELG123000K 12V CALIDO 3000K MODULO ECO LUPA 8218 5730-3 140LM 1.44W;IMPORTADO;NULL;12.00;1.44;CV;140;NULL
3030316;3030316;MELP123000K 12V CALIDO 3000K MODULO ECO LUPA 6513 2835-3 105LM 1W;IMPORTADO;NULL;12.00;1.00;CV;105;NULL
3030317;3030317;M3LA12BLANCO MODULO LUPA ALTA 3030 7520 3W 12V LUPAS*3 CJ100;IMPORTADO;NULL;12.00;3.00;CV;NULL;NULL
3030318;3030318;M3LA12ROJO MODULO LUPA ALTA 3030 7520 3W 12V LUPAS*3 CJ100;IMPORTADO;NULL;12.00;3.00;CV;NULL;NULL
3030319;3030319;M3LA12AZUL MODULO LUPA ALTA 3030 7520 3W 12V LUPAS*3 CJ100;IMPORTADO;NULL;12.00;3.00;CV;NULL;NULL
3030320;3030320;M3LA12VERDE MODULO LUPA ALTA 3030 7520 3W 12V LUPAS*3 CJ100;IMPORTADO;NULL;12.00;3.00;CV;NULL;NULL
3030321;3030321;M3LA12AMARILLO MODULO LUPA ALTA 3030 7520 3W 12V LUPAS*3 CJ100;IMPORTADO;NULL;12.00;3.00;CV;NULL;NULL
3030322;3030322;M3LA12FUCSIA MODULO LUPA ALTA 3030 7520 3W 12V LUPAS*3 CJ100;IMPORTADO;NULL;12.00;3.00;CV;NULL;NULL
3030323;3030323;M3LA24BLANCO MODULO LUPA ALTA 3030 7520 3W 24V LUPAS*3 CJ100;IMPORTADO;NULL;24.00;3.00;CV;NULL;NULL
3030324;3030324;M3LA24ROJO MODULO LUPA ALTA 3030 7520 3W 24V LUPAS*3 CJ100;IMPORTADO;NULL;24.00;3.00;CV;NULL;NULL
3030325;3030325;M3LA24AZUL MODULO LUPA ALTA 3030 7520 3W 24V LUPAS*3 CJ100;IMPORTADO;NULL;24.00;3.00;CV;NULL;NULL
3030326;3030326;M3LA24VERDE MODULO LUPA ALTA 3030 7520 3W 24V LUPAS*3 CJ100;IMPORTADO;NULL;24.00;3.00;CV;NULL;NULL
3030327;3030327;M3LA24AMARILLO MODULO LUPA ALTA 3030 7520 3W 24V LUPAS*3 CJ100;IMPORTADO;NULL;24.00;3.00;CV;NULL;NULL
3030328;3030328;M3LA24FUCSIA MODULO LUPA ALTA 3030 7520 3W 24V LUPAS*3 CJ100;IMPORTADO;NULL;24.00;3.00;CV;NULL;NULL
3030336;3030336;MELG12MORADO 12V MORADO MODULO ECO LUPA 8218 5730-3 1.44W;IMPORTADO;NULL;12.00;1.44;CV;NULL;NULL
3030337;3030337;MELG12AMBAR 12V AMBAR MODULO ECO LUPA 8218 5730-3 1.44W;IMPORTADO;NULL;12.00;1.44;CV;NULL;NULL
3030338;3030338;MELG24ROJO 24V ROJO MODULO ECO LUPA 8218 5730-3 1.44W;IMPORTADO;NULL;24.00;1.44;CV;NULL;NULL
3030339;3030339;MELG24AMARILLO 24V AMARILLO MODULO ECO LUPA 8218 5730-3 1.44W;IMPORTADO;NULL;24.00;1.44;CV;NULL;NULL
3030341;3030341;MELP12MORADO 12V MORADO MODULO ECO LUPA 6513 2835-3 105LM 1W;IMPORTADO;NULL;12.00;1.00;CV;105;NULL
3030342;3030342;M3LA24AMARILLO-AMB MODULO LUPA ALTA 3030 7520 3W 24V LUPAS*3 CJ100;IMPORTADO;NULL;24.00;3.00;CV;NULL;NULL
3030344;3030344;M1LA12BLANCO MODULO LUPA ALTA 1.5W 12V LUPAS*1 CJ100;DESCONTINUADOS;NULL;12.00;1.50;CV;NULL;NULL
3030345;3030345;M1LA12AGUAM MODULO LUPA ALTA 1.5W 12V LUPAS*1 CJ100;DESCONTINUADOS;NULL;12.00;1.50;CV;NULL;NULL
3030346;3030346;M1LA12MORADO MODULO LUPA ALTA 1.5W 12V LUPAS*1 CJ100;DESCONTINUADOS;NULL;12.00;1.50;CV;NULL;NULL
3030347;3030347;M1LA12AMARILLO MODULO LUPA ALTA 1.5W 12V LUPAS*1 CJ100;DESCONTINUADOS;NULL;12.00;1.50;CV;NULL;NULL
3030348;3030348;M1LA12AZUL MODULO LUPA ALTA 1.5W 12V LUPAS*1 CJ100;DESCONTINUADOS;NULL;12.00;1.50;CV;NULL;NULL
3030349;3030349;M1LA12ROJO MODULO LUPA ALTA 1.5W 12V LUPAS*1 CJ100;DESCONTINUADOS;NULL;12.00;1.50;CV;NULL;NULL
3030350;3030350;M1LA12FUCSIA MODULO LUPA ALTA 1.5W 12V LUPAS*1 CJ100;DESCONTINUADOS;NULL;12.00;1.50;CV;NULL;NULL
3030351;3030351;M1LA12VERDE MODULO LUPA ALTA 1.5W 12V LUPAS*1 CJ100;DESCONTINUADOS;NULL;12.00;1.50;CV;NULL;NULL
3030352;3030352;M1LA24BLANCO MODULO LUPA ALTA 1.5W 24V LUPAS*1 CJ100;DESCONTINUADOS;NULL;24.00;1.50;CV;NULL;NULL
3030353;3030353;M1LA24AGUAM MODULO LUPA ALTA 1.5W 24V LUPAS*1 CJ100;DESCONTINUADOS;NULL;24.00;1.50;CV;NULL;NULL
3030354;3030354;M1LA24MORADO MODULO LUPA ALTA 1.5W 24V LUPAS*1 CJ100;DESCONTINUADOS;NULL;24.00;1.50;CV;NULL;NULL
3030355;3030355;M1LA24AMARILLO MODULO LUPA ALTA 1.5W 24V LUPAS*1 CJ100;DESCONTINUADOS;NULL;24.00;1.50;CV;NULL;NULL
3030356;3030356;M1LA24AZUL MODULO LUPA ALTA 1.5W 24V LUPAS*1 CJ100;DESCONTINUADOS;NULL;24.00;1.50;CV;NULL;NULL
3030357;3030357;M1LA24ROJO MODULO LUPA ALTA 1.5W 24V LUPAS*1 CJ100;DESCONTINUADOS;NULL;24.00;1.50;CV;NULL;NULL
3030358;3030358;M1LA24FUCSIA MODULO LUPA ALTA 1.5W 24V LUPAS*1 CJ100;DESCONTINUADOS;NULL;24.00;1.50;CV;NULL;NULL
3030359;3030359;M1LA24VERDE MODULO LUPA ALTA 1.5W 24V LUPAS*1 CJ100;DESCONTINUADOS;NULL;24.00;1.50;CV;NULL;NULL
3030360;3030360;M6LA12BLANCO MODULO LUPA ALTA 2835 13620 6W 12V LUPAS*6 CJ100;IMPORTADO;NULL;12.00;6.00;CV;NULL;NULL
3030361;3030361;M6LA12AGUAM MODULO LUPA ALTA 2835 13620 6W 12V LUPAS*6 CJ100;IMPORTADO;NULL;12.00;6.00;CV;NULL;NULL
3030362;3030362;M6LA12MORADO MODULO LUPA ALTA 2835 13620 6W 12V LUPAS*6 CJ100;IMPORTADO;NULL;12.00;6.00;CV;NULL;NULL
3030363;3030363;M6LA12AMARILLO MODULO LUPA ALTA 2835 13620 6W 12V LUPAS*6 CJ100;IMPORTADO;NULL;12.00;6.00;CV;NULL;NULL
3030364;3030364;M6LA12AZUL MODULO LUPA ALTA 2835 13620 6W 12V LUPAS*6 CJ100;IMPORTADO;NULL;12.00;6.00;CV;NULL;NULL
3030365;3030365;M6LA12ROJO MODULO LUPA ALTA 2835 13620 6W 12V LUPAS*6 CJ100;IMPORTADO;NULL;12.00;6.00;CV;NULL;NULL
3030366;3030366;M6LA12FUCSIA MODULO LUPA ALTA 2835 13620 6W 12V LUPAS*6 CJ100;IMPORTADO;NULL;12.00;6.00;CV;NULL;NULL
3030367;3030367;M6LA12VERDE MODULO LUPA ALTA 2835 13620 6W 12V LUPAS*6 CJ100;IMPORTADO;NULL;12.00;6.00;CV;NULL;NULL
3030368;3030368;M6LA24BLANCO MODULO LUPA ALTA 2835 13620 6W 24V LUPAS*6 CJ100;IMPORTADO;NULL;24.00;6.00;CV;NULL;NULL
3030369;3030369;M6LA24AGUAM MODULO LUPA ALTA 2835 13620 6W 24V LUPAS*6 CJ100;IMPORTADO;NULL;24.00;6.00;CV;NULL;NULL
3030370;3030370;M6LA24MORADO MODULO LUPA ALTA 2835 13620 6W 24V LUPAS*6 CJ100;IMPORTADO;NULL;24.00;6.00;CV;NULL;NULL
3030371;3030371;M6LA24AMARILLO MODULO LUPA ALTA 2835 13620 6W 24V LUPAS*6 CJ100;IMPORTADO;NULL;24.00;6.00;CV;NULL;NULL
3030372;3030372;M6LA24AZUL MODULO LUPA ALTA 2835 13620 6W 24V LUPAS*6 CJ100;IMPORTADO;NULL;24.00;6.00;CV;NULL;NULL
3030373;3030373;M6LA24ROJO MODULO LUPA ALTA 2835 13620 6W 24V LUPAS*6 CJ100;IMPORTADO;NULL;24.00;6.00;CV;NULL;NULL
3030374;3030374;M6LA24FUCSIA MODULO LUPA ALTA 2835 13620 6W 24V LUPAS*6 CJ100;IMPORTADO;NULL;24.00;6.00;CV;NULL;NULL
3030375;3030375;M6LA24VERDE MODULO LUPA ALTA 2835 13620 6W 24V LUPAS*6 CJ100;IMPORTADO;NULL;24.00;6.00;CV;NULL;NULL
3030378;3030378;MELP124000K 12V CALIDO 4000K MODULO ECO LUPA 6513 2835-3 1W;IMPORTADO;NULL;12.00;1.00;CV;NULL;NULL
3030379;3030379;M3X2LA12BLANCO MODULO LUPA ALTA 4.3W 12V LUPAS*3X2 CJ100;IMPORTADO;NULL;12.00;4.30;CV;NULL;NULL
3030380;3030380;MODULO LASER 1.4W BLANCO FRIO 12V;DESCONTINUADOS;NULL;12.00;1.40;CV;NULL;NULL
3030381;3030381;MODULO LASER 1.4W AGUAMARINA 12V;DESCONTINUADOS;NULL;12.00;1.40;CV;NULL;NULL
3030382;3030382;MODULO LASER 1.4W MORADO 12V;DESCONTINUADOS;NULL;12.00;1.40;CV;NULL;NULL
3030383;3030383;MODULO LASER 1.4W AMARILLO 12V;DESCONTINUADOS;NULL;12.00;1.40;CV;NULL;NULL
3030384;3030384;MODULO LASER 1.4W AZUL 12V;DESCONTINUADOS;NULL;12.00;1.40;CV;NULL;NULL
3030385;3030385;MODULO LASER 1.4W ROJO 12V;DESCONTINUADOS;NULL;12.00;1.40;CV;NULL;NULL
3030386;3030386;MODULO LASER 1.4W FUCSIA 12V;DESCONTINUADOS;NULL;12.00;1.40;CV;NULL;NULL
3030387;3030387;MODULO LASER 1.4W VERDE 12V;DESCONTINUADOS;NULL;12.00;1.40;CV;NULL;NULL
3030388;3030388;MODULO LASER 1.4W BLANCO FRIO 24V;DESCONTINUADOS;NULL;24.00;1.40;CV;NULL;NULL
3030389;3030389;MODULO LASER 1.4W AGUAMARINA 24V;DESCONTINUADOS;NULL;24.00;1.40;CV;NULL;NULL
3030390;3030390;MODULO LASER 1.4W MORADO 24V;DESCONTINUADOS;NULL;24.00;1.40;CV;NULL;NULL
3030391;3030391;MODULO LASER 1.4W AMARILLO 24V;DESCONTINUADOS;NULL;24.00;1.40;CV;NULL;NULL
3030392;3030392;MODULO LASER 1.4W AZUL 24V;DESCONTINUADOS;NULL;24.00;1.40;CV;NULL;NULL
3030393;3030393;MODULO LASER 1.4W ROJO 24V;DESCONTINUADOS;NULL;24.00;1.40;CV;NULL;NULL
3030394;3030394;MODULO LASER 1.4W FUCSIA 24V;DESCONTINUADOS;NULL;24.00;1.40;CV;NULL;NULL
3030395;3030395;MODULO LASER 1.4W VERDE 24V;DESCONTINUADOS;NULL;24.00;1.40;CV;NULL;NULL
3030400;3030400;MODULO CHASIS 10533 2835-12 5.7W 12V 10000K BLANCO FRIO;IMPORTADO;NULL;12.00;5.70;CV;NULL;NULL
3030401;3030401;MODULO CHASIS 10533 2835-12 5.7W 12V AMARILLO;IMPORTADO;NULL;12.00;5.70;CV;NULL;NULL
3030402;3030402;MODULO CHASIS 10533 2835-12 5.7W 12V AZUL;IMPORTADO;NULL;12.00;5.70;CV;NULL;NULL
3030403;3030403;MODULO CHASIS 10533 2835-12 5.7W 12V ROJO;IMPORTADO;NULL;12.00;5.70;CV;NULL;NULL
3030404;3030404;MODULO CHASIS 10533 2835-12 5.7W 12V VERDE;IMPORTADO;NULL;12.00;5.70;CV;NULL;NULL
3030410;3030410;MODULO CHASIS 10533 2835-12 5.7W 24V 10000K BLANCO FRIO;IMPORTADO;NULL;24.00;5.70;CV;NULL;NULL
3030411;3030411;MODULO CHASIS 10533 2835-12 5.7W 24V AMARILLO;IMPORTADO;NULL;24.00;5.70;CV;NULL;NULL
3030412;3030412;MODULO CHASIS 10533 2835-12 5.7W 24V AZUL;IMPORTADO;NULL;24.00;5.70;CV;NULL;NULL
3030413;3030413;MODULO CHASIS 10533 2835-12 5.7W 24V ROJO;IMPORTADO;NULL;24.00;5.70;CV;NULL;NULL
3030414;3030414;MODULO CHASIS 10533 2835-12 5.7W 24V VERDE;IMPORTADO;NULL;24.00;5.70;CV;NULL;NULL
3030417;3030417;MELP12BLANCO FRIO 9000K 12V MODULO ECO LUPA 4242 2835-4 210LM 2W;IMPORTADO;NULL;12.00;2.00;CV;210;NULL
3030418;3030418;MODULO 110V 2835-3 7818 160° 180LM BLANCO FRIO 10000K 2W CJ100;IMPORTADO;NULL;110.00;2.00;CV;180;NULL
3030419;3030419;MODULO LATERAL 3030-3 7420 BLANCO 7500K 2.5W 12V 40X15° CJ90;IMPORTADO;NULL;12.00;2.50;CV;NULL;NULL
3030421;3030421;MODULO MINI 110V 2835-3 2710 160° 90LM BLANCO FRIO 10000K 1W;IMPORTADO;NULL;110.00;1.00;CV;90;NULL
3030422;3030422;MODULO 110V 2835-3 7818 160° 180LM BLANCO CALIDO 3000K 2W;IMPORTADO;NULL;110.00;2.00;CV;180;NULL
3030423;3030423;MODULO 110V 2835-3 7818 160° 180LM ROJO 2W;IMPORTADO;NULL;110.00;2.00;CV;180;NULL
3030424;3030424;MODULO 110V 2835-3 7818 160° 180LM VERDE 2W;IMPORTADO;NULL;110.00;2.00;CV;180;NULL
3030425;3030425;MODULO 110V 2835-3 7818 160° 180LM AZUL 2W;IMPORTADO;NULL;110.00;2.00;CV;180;NULL
3030426;3030426;MELP12NARANJA 12V NARANJA MODULO ECO LUPA 6513 2835-3 1W;IMPORTADO;NULL;12.00;1.00;CV;NULL;NULL
3030427;3030427;MELP125000K 12V 5000K MODULO ECO LUPA 6513 2835-3 1W;IMPORTADO;NULL;12.00;1.00;CV;NULL;NULL
3030428;3030428;MELG12RGB 12V RGB MODULO ECOLUPA 160° 0.72W 5050-3 7516;IMPORTADO;NULL;12.00;0.72;CV;NULL;NULL
3031200;3031200;MCAP12MORADO 12V MORADO MODULO ENCAPSULADO 1.6W 5730-6 7617 CJ200;IMPORTADO;NULL;12.00;1.60;CV;NULL;NULL
3031914;3031914;MCAP24AMARILLO 24V AMARILLO MODULO ENCAPSULADO 1.6W 5730-6 7617;IMPORTADO;NULL;24.00;1.60;CV;NULL;NULL
3031915;3031915;MCAP24VERDE 24V VERDE MODULO ENCAPSULADO 1.6W 5730-6 7617;IMPORTADO;NULL;24.00;1.60;CV;NULL;NULL
3031916;3031916;MCAP24AZUL 24V AZUL MODULO ENCAPSULADO 1.6W 5730-6 7617;IMPORTADO;NULL;24.00;1.60;CV;NULL;NULL
3031917;3031917;MCAP24FUCSIA 24V FUCSIA MODULO ENCAPSULADO 1.6W 5730-6 7617;IMPORTADO;NULL;24.00;1.60;CV;NULL;NULL
3031921;3031921;MODULO SUPER 2835-3 17032 BLANCO 7500K 3.6W 12V 310LUMEN;IMPORTADO;NULL;12.00;3.60;CV;NULL;NULL
3031997;3031997;MCAP12ROJO 12V ROJO MODULO ENCAPSULADO 1.6W 5730-6 7617 CJ200;IMPORTADO;NULL;12.00;1.60;CV;NULL;NULL
3031998;3031998;MCAP12VERDE 12V VERDE MODULO ENCAPSULADO 1.6W 5730-6 7617 CJ200;IMPORTADO;NULL;12.00;1.60;CV;NULL;NULL
3031999;3031999;MCAP12BLANCO 12V BLANCO MODULO ENCAPSULADO 1.6W 5730-6 7617 CJ200;IMPORTADO;NULL;12.00;1.60;CV;NULL;NULL
3032002;3032002;MGIGA12FUCSIA CLARO MODULO GIGANTE FUCSIA CLARO 12V 2835-3 9520 3.6W SALDO PROMO CJ60;IMPORTADO;NULL;12.00;3.60;CV;NULL;NULL
3032004;3032004;MGIGA12ROJO MODULO GIGANTE ROJO 12V 2835-3 9520 3.6W CJ60;IMPORTADO;NULL;12.00;3.60;CV;NULL;NULL
3032005;3032005;MGIGA12VERDE MODULO GIGANTE VERDE 12V 2835-3 9520 3.6W CJ60;IMPORTADO;NULL;12.00;3.60;CV;NULL;NULL
3032006;3032006;MGIGA12AZUL MODULO GIGANTE AZUL 12V 2835-3 9520 3.6W CJ60;IMPORTADO;NULL;12.00;3.60;CV;NULL;NULL
3032009;3032009;MODULO SH2 6500K TIPO3 LUPA SH 2835-2 4513 BLANCO 61LM 0.72W;IMPORTADO;NULL;12.00;0.72;CV;61;NULL
3032010;3032010;MGIGA12FUCSIA MODULO GIGANTE FUCSIA 12V 2835-3 9520 3.6W CJ60;IMPORTADO;NULL;12.00;3.60;CV;NULL;NULL
3032012;3032012;MGIGA12AGUAM MODULO GIGANTE AGUAMARINA 12V 2835-3 9520 3.6W CJ60;IMPORTADO;NULL;12.00;3.60;CV;NULL;NULL
3032013;3032013;MGIGA12LILA MODULO GIGANTE LILA 12V 2835-3 9520 3.6W CJ60;IMPORTADO;NULL;12.00;3.60;CV;NULL;NULL
3032014;3032014;MODULO SH4 CALIDO 4000K TIPO3 LUPA SH 2835-4 4038 175LM 1.44W;IMPORTADO;NULL;12.00;1.44;CV;175;NULL
3032017;3032017;MODULO SH3 ROJO TIPO3 LUPA SH 2835-3 7013 1W;IMPORTADO;NULL;12.00;1.00;CV;NULL;NULL
3032018;3032018;MODULO SH3 BLANCO FRIO TIPO3 LUPA SH 2835-3 7013 95LM 1W;IMPORTADO;NULL;12.00;1.00;CV;95;NULL
3032019;3032019;MODULO SH3 7500K BLANCO TIPO3 LUPA SH 2835-3 7013 95LM 1W;IMPORTADO;NULL;12.00;1.00;CV;95;NULL
3032027;3032027;MODULO SH4 7500K BLANCO TIPO3 LUPA SH 2835-4 4038 122LM 1.44W;IMPORTADO;NULL;12.00;1.44;CV;122;NULL
3032028;3032028;MODULO SH2 BLANCO FRIO 10000K TIPO3 LUPA SH 2835-2 4513 61LM 0.72W;IMPORTADO;NULL;12.00;0.72;CV;61;NULL
3032031;3032031;MODULO SH2 AMARILLO TIPO3 LUPA SH 2835-2 4513 0.72W;IMPORTADO;NULL;12.00;0.72;CV;NULL;NULL
3032037;3032037;MELMINI12BLANCO 2835-2 2707 BLANCO FRIO 9000K MODULO 0.32W 12V 25LUMEN;IMPORTADO;NULL;12.00;0.32;CV;NULL;NULL
3032040;3032040;MODULO LATERAL 3030-1 BLANCO 6000K 2W 12V 10X60º;IMPORTADO;NULL;12.00;2.00;CV;NULL;NULL
3032041;3032041;MODULO SH3 CALIDO 3000K TIPO3 LUPA SH 2835-3 7013 95LM 1W;IMPORTADO;NULL;12.00;1.00;CV;95;NULL
3032042;3032042;MGIGA12BLANCOFRIO MODULO GIGANTE BLANCO FRIO12V 2835-3 9520 3.6W CJ60;IMPORTADO;NULL;12.00;3.60;CV;NULL;NULL
3032043;3032043;MGIGA24BLANCOFRIO MODULO GIGANTE BLANCO FRIO 24V - 29V 2835-3 9520 3.6W CJ60;IMPORTADO;NULL;24.00;3.60;CV;NULL;NULL
3032044;3032044;MGIGA24AZUL MODULO GIGANTE AZUL 24V 2835-3 9520 3.6W CJ60;IMPORTADO;NULL;24.00;3.60;CV;NULL;NULL
3032045;3032045;MGIGA24ROJO MODULO GIGANTE ROJO 24V 2835-3 9520 3.6W CJ60;IMPORTADO;NULL;24.00;3.60;CV;NULL;NULL
3032046;3032046;MGIGA24AMARILLO MODULO GIGANTE AMARILLO 24V 2835-3 9520 3.6W CJ60;IMPORTADO;NULL;24.00;3.60;CV;NULL;NULL
3032047;3032047;MGIGA24VERDE MODULO GIGANTE VERDE 24V 2835-3 9520 3.6W CJ60;IMPORTADO;NULL;24.00;3.60;CV;NULL;NULL
3032048;3032048;MGIGA29BLANCOFRIO MODULO GIGANTE BLANCO FRIO 29V 2835-3 9520 3.6W SALDO PROMO;IMPORTADO;NULL;24.00;3.60;CV;NULL;NULL
3032050;3032050;MODULO TIPO1 3014-3 1608 BLANCO FRIO 10000K 25-30LM 12V 0.3W;IMPORTADO;NULL;12.00;0.30;CV;30;NULL
3032051;3032051;MODULO TIPO1 3014-3 1608 BLANCO 7500K 25-30LM 12V 0.3W;IMPORTADO;NULL;12.00;0.30;CV;30;NULL
3032052;3032052;MODULO TIPO1 3014-3 1608 CALIDO 3000K 25-30LM 12V 0.3W;IMPORTADO;NULL;12.00;0.30;CV;30;NULL
3032053;3032053;MODULO TIPO1 3014-3 1608 BLANCO 5500K 25-30LM 12V 0.3W;IMPORTADO;NULL;12.00;0.30;CV;30;NULL
3032055;3032055;MODULO TIPO1 3014-3 1608 VERDE 18-20LM 12V;IMPORTADO;NULL;12.00;0.30;CV;20;NULL
3032058;3032058;MODULO TIPO1 3014-3 1608 AMBAR 8-10LM 12V;IMPORTADO;NULL;12.00;0.30;CV;10;NULL
3032059;3032059;MODULO TIPO1 3014-3 1608 CALIDO 4000K 25-30LM 12V 0.3W;IMPORTADO;NULL;12.00;0.30;CV;30;NULL
3032065;3032065;MODULO TURBO VERDE 12V 2835-3 9018 3W 320LUMEN;IMPORTADO;NULL;12.00;3.00;CV;NULL;NULL
3032067;3032067;MGIGA12TURQUEZA MODULO GIGANTE TURQUEZA 12V 2835-3 9520 3.6W CJ60;IMPORTADO;NULL;12.00;3.60;CV;NULL;NULL
3032068;3032068;MGIGA12MORADO MODULO GIGANTE MORADO 12V 2835-3 9520 3.6W CJ60;DESCONTINUADOS;NULL;12.00;3.60;CV;NULL;NULL
3032069;3032069;MGIGA24TURQUEZA MODULO GIGANTE TURQUEZA 24V 2835-3 9520 3.6W CJ60;IMPORTADO;NULL;24.00;3.60;CV;NULL;NULL
3032070;3032070;MGIGA24FUCSIA MODULO GIGANTE FUCSIA 24V 2835-3 9520 3.6W CJ60;IMPORTADO;NULL;24.00;3.60;CV;NULL;NULL
3032071;3032071;MGIGA24AGUAM MODULO GIGANTE AGUAMARINA 24V 2835-3 9520 3.6W CJ60;IMPORTADO;NULL;24.00;3.60;CV;NULL;NULL
3032099;3032099;MGIGA12AMARILLO MODULO GIGANTE AMARILLO 12V 2835-3 9520 3.6W CJ60;IMPORTADO;NULL;12.00;3.60;CV;NULL;NULL
3032100;3032100;MCAP12FUCSIA 12V FUCSIA MODULO ENCAPSULADO 1.6W 5730-6 7617 CJ200;IMPORTADO;NULL;12.00;1.60;CV;NULL;NULL
3032104;3032104;MODULO LATERAL 110V 2.7W 13024 3LUPAS 6500K;IMPORTADO;NULL;110.00;2.70;CV;NULL;NULL
3032105;3032105;MODULO RGB RECTANGULAR PIXEL 2811IC 12V/1.4W CABLE 20CM;IMPORTADO;NULL;12.00;1.40;CV;NULL;NULL
3032107;3032107;MODULO LATERAL 110V 2.7W 13024 3LUPAS 11000K;IMPORTADO;NULL;110.00;2.70;CV;NULL;NULL
3032108;3032108;MODULO MINI 110V 2835-3 2710 160° 90LM BLANCO CALIDO 3000K 1W;IMPORTADO;NULL;110.00;1.00;CV;90;NULL
3034000;3034000;MODULO TURBO ROJO 24V 2835-3 9018 2.5W 320LUMEN;IMPORTADO;NULL;24.00;2.50;CV;NULL;NULL
3036035;3036035;REGLETA LED 110V 5630-25L FUCSIA GROW 100CM 820LM;IMPORTADO;NULL;110.00;0.02;CV;820;NULL
3036043;3036043;REGLETA 2835 4MM 120L 100CM 12V BLANCO 6500K 12W-1600LM 1.4A;IMPORTADO;NULL;12.00;12.00;CV;1600;NULL
3036046;3036046;REGLETA 2835 4MM 120L 100CM 12V BLANCO 4100K 12W-1600LM 1.4A;IMPORTADO;NULL;12.00;12.00;CV;1600;NULL
3036101;3036101;REGLETA LATERAL 9LED 3535 48X3CM 24V 0.75A 8*12° 7000K 27W 1800LM;IMPORTADO;NULL;24.00;27.00;CV;1800;NULL
3036103;3036103;REGLETA CAJA DE LUZ BLANCO 96CM 3030-12 12V 7500K 12W;IMPORTADO;NULL;12.00;12.00;CV;NULL;NULL
3036112;3036112;REGLETA 4014 12MM 144L 99CM 12V 4000K ECO;IMPORTADO;NULL;12.00;0.02;CV;NULL;NULL
3036151;3036151;R110V35L3000K REGLETA 110V 2835-35 BLANCO 3000K 100CM UTB;IMPORTADO;NULL;110.00;0.02;CV;NULL;NULL
3036152;3036152;R110V35L4000K REGLETA 110V 2835-35 BLANCO 4000K 100CM UTB;IMPORTADO;NULL;110.00;0.02;CV;NULL;NULL
3036153;3036153;R110V35L7500K REGLETA 110V 2835-35 BLANCO 7500K 100CM UTB;IMPORTADO;NULL;110.00;0.02;CV;NULL;NULL
3036154;3036154;R110V70L3000K REGLETA 110V 2835-70 BLANCO 3000K 11.5W 100CM UTB SALDO PROMO;IMPORTADO;NULL;110.00;11.50;CV;NULL;NULL
3036155;3036155;R110V70L4000K REGLETA 110V 2835-70 BLANCO 4000K 100CM UTB SALDO PROMO;IMPORTADO;NULL;110.00;0.02;CV;NULL;NULL
3036180;3036180;REGLETA LATERAL 3030-18 99CM X 2,5CM 24V BLANCO 7500K 20W 15-45°;IMPORTADO;NULL;24.00;20.00;CV;NULL;NULL
3500003;3500003;CINTA LED STANDARD 3528 SILICONADA 60L 12V VERDE 4.8W *5MT 8MM;IMPORTADO;NULL;12.00;4.80;CV;NULL;5
3500007;3500007;CINTA LED STANDARD 5050 SILICONADA 60L 12V BLANCO 12W *5MT 10MM;IMPORTADO;NULL;12.00;12.00;CV;NULL;5
3500173;3500173;CINTA LED 2835 ZIGZ 60L 12V BLANCO FRIO 9000K 7W-750L/M *5MT 6MM CJ150;IMPORTADO;NULL;12.00;7.00;CV;750.00;5
3500174;3500174;CINTA LED 2835 ZIGZ 60L 12V BLANCO 7500K 7W-750L/M *5MT 6MM CJ150;IMPORTADO;NULL;12.00;7.00;CV;750.00;5
3500175;3500175;CINTA LED 2835 ZIGZ 60L 12V CALIDO 3000K 6.5W-650L/M *5MT 6MM CJ150;IMPORTADO;NULL;12.00;6.50;CV;650.00;5
3500176;3500176;CINTA LED 2835 ZIGZ 60L 12V 5500K 7.2W-650L/M *5MT 6MM CJ150;IMPORTADO;NULL;12.00;7.20;CV;650.00;5
3500182;3500182;CINTA LED IP20 5Y 2110 280L 24V 3000K 14.4W-1300LM/MT *5MT 10MM CJ100;DESCONTINUADOS;NULL;24.00;14.40;CV;1300;10
3500183;3500183;CINTA LED IP20 5Y 2110 266L 24V 5000K 13.68W-1330LM/MT *5MT 10MM CJ100;DESCONTINUADOS;NULL;24.00;13.68;CV;1330;10
3500185;3500185;CINTA LED 2835 ZIGZ 60L 12V AMBAR 7.2W-650L/M *5MT 6MM CJ150;IMPORTADO;NULL;12.00;7.20;CV;650.00;5
3500186;3500186;CINTA LED 2835 ZIGZ 60L 12V FUCSIA 7.2W-650L/M *5MT 6MM CJ150;IMPORTADO;NULL;12.00;7.20;CV;650.00;5
3500187;3500187;CINTA LED 2835 ZIGZ 60L 12V PURPURA UV 370-380NM 7.2W-650L/M *5MT 6MM CJ150;IMPORTADO;NULL;12.00;7.20;CV;650.00;5
3500189;3500189;CINTA LED 2835 ZIGZ 60L 12V NARANJA 7.2W-650L/M *5MT 6MM CJ150;IMPORTADO;NULL;12.00;7.20;CV;650.00;5
3500193;3500193;CINTA LED IP20 5Y 2835 60L 12V 4000K 4.8W-560LM/MT *5MT 5MM CJ70;IMPORTADO;NULL;12.00;4.80;CV;560;5
3500196;3500196;CINTA LED IP20 5Y 2835 60L 12V 3000K 4.8W-550LM/MT *5MT 5MM CJ70;IMPORTADO;NULL;12.00;4.80;CV;550;5
3500197;3500197;CINTA LED IP20 5Y 2835 60L 12V 5000K 4.8W-560LM/MT *5MT 5MM CJ70;IMPORTADO;NULL;12.00;4.80;CV;560;5
3500198;3500198;CINTA LED IP20 5Y 2835 60L 12V 6500K 4.8W-550LM/MT *5MT 5MM CJ70;IMPORTADO;NULL;12.00;4.80;CV;550;5
3500199;3500199;CINTA LED IP20 5Y 2835 60L 12V 7500K 4.8W-550LM/MT *5MT 5MM CJ70;IMPORTADO;NULL;12.00;4.80;CV;550;5
3500205;3500205;CINTA LED 2835 ZIGZ 96L CALIDO 12V 3000K 7.8W-780LM/MT *5MT 6MM CJ150;IMPORTADO;NULL;12.00;7.80;CV;780;5
3500206;3500206;CINTA LED 2835 ZIGZ 96L BLANCO FRIO 12V 7500K 7.8W-780LM/MT *5MT 6MM CJ150;IMPORTADO;NULL;12.00;7.80;CV;780;5
3500207;3500207;CINTA LED 2835 ZIGZ 96L BLANCO FRIO 12V 9000K 7.8W-780LM/MT *5MT 6MM CJ150;IMPORTADO;NULL;12.00;7.80;CV;780;5
3500210;3500210;CINTA LED IP20 5Y 2110 266L 24V 4000K 13.68W-1330LM/MT *5MT 10MM CJ100;DESCONTINUADOS;NULL;24.00;13.68;CV;1330;10
3500211;3500211;CINTA LED IP20 5Y 2835 60L 5V 6500K 4.8W-340LM/MT *5MT 8MM CJ50;DESCONTINUADOS;NULL;5.00;4.80;CV;340;1.66
3500212;3500212;CINTA LED IP20 5Y 2835 60L 5V 9000K 4.8W-340LM/MT *5MT 8MM CJ50;IMPORTADO;NULL;5.00;4.80;CV;340;1.66
3500213;3500213;CINTA LED COB 5Y 480L 24V 2200K 10W 800LM/M *5MT 8MM CJ100;IMPORTADO;NULL;24.00;10.00;CV;800;10
3500215;3500215;CINTA LED COB 5Y 480L 24V 4000K 10W 1000LM/M *5MT 8MM CJ100;IMPORTADO;NULL;24.00;10.00;CV;1000;10
3500216;3500216;CINTA LED COB 5Y 480L 24V 3000K 10W 880LM/M *5MT 8MM CJ100;IMPORTADO;NULL;24.00;10.00;CV;880;10
3500217;3500217;CINTA LED COB 5Y 480L 24V 3000K 5W 500LM/M *5MT 8MM CJ100;IMPORTADO;NULL;24.00;5.00;CV;500;10
3500218;3500218;CINTA LED COB 5Y 480L 24V 4000K 5W 600LM/M *5MT 8MM CJ100;IMPORTADO;NULL;24.00;5.00;CV;600;10
3510001;3510001;CINTA LED SILICONADA 5050 30L 12V PIXEL RGB INTELIGENTE IP65 7.2W *5MT 10MM 3Y UTB CJ50;IMPORTADO;NULL;12.00;7.20;CV;NULL;5
3510002;3510002;CINTA LED IP20 5Y PIXEL RGB INTELIGENTE WS2811 5050 30L 12V 7.2W *5MT 10MM UTB CJ100;IMPORTADO;NULL;12.00;7.20;CV;NULL;5
3510003;3510003;CINTA LED RGB INTELIGENTE WS2811 5050 60L 12V 14W *5MT 10MM IP20 UTB CJ50;IMPORTADO;NULL;12.00;14.00;CV;NULL;5
3510009;3510009;CINTA LED PIXEL RGB 5050 WS2811 60L 12V 12W *5MT 10MM ECO CJ50;IMPORTADO;NULL;12.00;12.00;CV;NULL;5
3510023;3510023;CINTA LED ECO IP20 2835 120L 12V 3000K 12W 950LM/M *5MT 8MM CJ100;IMPORTADO;NULL;12.00;12.00;CV;950;5
3510024;3510024;CINTA LED ECO IP20 2835 120L 12V 7500K 12W 950LM/M *5MT 8MM CJ100;IMPORTADO;NULL;12.00;12.00;CV;950;5
3510026;3510026;CINTA LED ECO IP20 2835 240L 12V BLANCO NEUTRO 4000K 16W 1287LM/M *5MT 10MM CJ100;IMPORTADO;NULL;12.00;16.00;CV;1287;5
3510033;3510033;CINTA LED ECO IP20 2835 240L 12V 7500K 16W 1700LM/M *5MT 10MM CJ100;IMPORTADO;NULL;12.00;16.00;CV;1700;5
3510034;3510034;CINTA LED ECO IP20 2835 240L 12V 3000K 16W 1700LM/M *5MT 10MM CJ100;IMPORTADO;NULL;12.00;16.00;CV;1700;5
3510039;3510039;CINTA LED TIPO1 2835 SILICONADA 120L 12V 9000K 14.4W-1600LM/MT *5MT 8MM;IMPORTADO;NULL;12.00;14.40;CV;1600;5
3510065;3510065;CINTA LED 5Y SILICONADA 12V 6500K 120L 2835 IP65 14.4W 1450 LM/MT *5MT 8MM CJ50;IMPORTADO;NULL;12.00;14.40;CV;1450;5
3510066;3510066;CINTA LED IP20 5Y 2835 120L 12V 3000K 14.4W-1550LM/MT *5MT 8MM CJ50;IMPORTADO;NULL;12.00;14.40;CV;1550;5
3510067;3510067;CINTA LED IP20 5Y 2835 120L 12V 7500K 14.4W-1550LM/MT *5MT 8MM CJ50;IMPORTADO;NULL;12.00;14.40;CV;1550;5
3510068;3510068;CINTA LED IP20 5Y 2835 240L 12V 3000K 18W-1800LM/MT *5MT 10MM CJ50;IMPORTADO;NULL;12.00;18.00;CV;1800;5
3510069;3510069;CINTA LED IP20 5Y 2835 240L 12V 4000K 18W-1800LM/MT *5MT 10MM CJ50;IMPORTADO;NULL;12.00;18.00;CV;1800;5
3510070;3510070;CINTA LED IP20 5Y 2835 240L 12V 6500K 18W-1800LM/MT *5MT 10MM CJ50;IMPORTADO;NULL;12.00;18.00;CV;1800;5
3510071;3510071;CINTA LED IP20 5Y 2835 240L 12V 9000K 18W-1800 LM/MT *5MT 10MM CJ50;IMPORTADO;NULL;12.00;18.00;CV;1800;5
3510072;3510072;CINTA LED IP20 5Y 2835 120L 12V 4000K 14.4W-1600LM/MT *5MT 8MM CJ50;IMPORTADO;NULL;12.00;14.40;CV;1600;5
3510073;3510073;CINTA LED IP20 5Y 2835 120L 12V DUAL CCT 3000K + 6500K 14.4W-1500LM/MT PCB *5MT 8MM CJ50;IMPORTADO;NULL;12.00;14.40;CV;1500;5
3510074;3510074;CINTA LED IP20 5Y 2835 240L 12V DUAL CCT 3000K + 6500K 22W-2200LM/MT PCB *5MT 10MM CJ50;IMPORTADO;NULL;12.00;22.00;CV;2200;5
3510075;3510075;CINTA LED 5050 T1H 60L 22W 24V RGB+4000K 1850LM/MT *5MT 12MM CJ150;IMPORTADO;NULL;24.00;22.00;CV;1850;10
3510076;3510076;CINTA LED IP20 5Y 2835 120L 12V 6500K 14.4W-1600LM/MT *5MT 8MM CJ50;IMPORTADO;NULL;12.00;14.40;CV;1600;5
3510077;3510077;CINTA LED IP20 5Y 2835 120L 12V 9000K 14.4W-1450LM/MT *5MT 8MM CJ50;IMPORTADO;NULL;12.00;14.40;CV;1450;5
3510078;3510078;CINTA LED IP20 5Y 2835 120L 12V 1900K 14.4W-1100LM/MT *5MT 8MM CJ50;IMPORTADO;NULL;12.00;14.40;CV;1100;5
3510079;3510079;CINTA LED IP20 5Y 2835 120L 12V 2000K 14.4W-1350LM/MT *5MT 8MM CJ50;IMPORTADO;NULL;12.00;14.40;CV;1350;5
3510080;3510080;CINTA LED IP20 5Y 2835 120L 24V 3000K 14.4W-1368LM/MT *5MT 8MM CJ50;IMPORTADO;NULL;24.00;14.40;CV;1368;10
3510081;3510081;CINTA LED IP20 5Y 2835 120L 24V 4000K 14.4W-1650LM/MT *5MT 8MM CJ50;IMPORTADO;NULL;24.00;14.40;CV;1650;10
3510082;3510082;CINTA LED IP20 5Y 2835 120L 24V 6500K 14.4W-1600LM/MT *5MT 8MM CJ50;IMPORTADO;NULL;24.00;14.40;CV;1600;10
3510083;3510083;CINTA LED IP20 5Y 2835 240L 12V 7500K 18W-1750LM/MT *5MT 10MM CJ50;IMPORTADO;NULL;12.00;18.00;CV;1750;5
3510086;3510086;CINTA LED 5Y SILICONADA 12V 3000K 120L 2835 IP65 14.4W-1368LM/MT *5MT 8MM CJ50;IMPORTADO;NULL;12.00;14.40;CV;1368;5
3510087;3510087;CINTA LED 5Y SILICONADA 12V 4000K 120L 2835 IP65 14.4W-1452LM/MT *5MT 8MM CJ50;IMPORTADO;NULL;12.00;14.40;CV;1452;5
3510088;3510088;CINTA LED SILICONADA 2835 IP65 120L 12V AZUL 14.4W *5MT 8MM CJ50;IMPORTADO;NULL;12.00;14.40;CV;NULL;5
3510089;3510089;CINTA LED IP20 5Y 2835 240L 24V 3000K 18W-2100LM/MT *5MT 10MM CJ50;IMPORTADO;NULL;24.00;18.00;CV;2100;10
3510090;3510090;CINTA LED IP20 5Y 2835 240L 24V 4000K 18W-1800LM/MT *5MT 10MM CJ50;IMPORTADO;NULL;24.00;18.00;CV;1800;10
3510091;3510091;CINTA LED IP20 5Y 2835 240L 24V 6500K 18W-2100LM/MT *5MT 10MM CJ50;IMPORTADO;NULL;24.00;18.00;CV;2100;10
3510094;3510094;CINTA LED IP20 5Y 2835 120L 12V 3000K 9.6W - 1100 LM/MT *5MT 5MM CJ70;IMPORTADO;NULL;12.00;9.60;CV;1100;5
3510095;3510095;CINTA LED IP20 UL 5Y 2835 120L 12V 4000K 10W - 1100 LM/MT *5MT 5MM CJ50;IMPORTADO;NULL;12.00;10.00;CV;1100;5
3510096;3510096;CINTA LED IP20 5Y 2835 120L 12V 6500K 9.6W - 1100 LM/MT *5MT 5MM CJ70;IMPORTADO;NULL;12.00;9.60;CV;1100;5
3510098;3510098;CINTA LED IP20 5Y 2110 120L 24V 4000K 9W-650LM/MT *5MT 5MM CJ60;DESCONTINUADOS;NULL;24.00;9.00;CV;650;10
3510099;3510099;CINTA LED IP20 5Y 2110 240L 24V 3000K 13W-1800LM/MT *5MT 5MM CJ60;IMPORTADO;NULL;24.00;13.00;CV;1800;10
3510101;3510101;CINTA LED IP20 5Y 2110 240L 24V 4000K 16W-1300LM/MT *5MT 5MM CJ60;IMPORTADO;NULL;24.00;16.00;CV;1300;10
3510102;3510102;CINTA LED 2835 120L 110V 3000K 6W 750LM/M *10MT 8MM CJ150;IMPORTADO;NULL;110.00;6.00;CV;750;NULL
3510103;3510103;CINTA LED 2835 120L 110V 4000K 6W 750LM/M *10MT 8MM CJ150;IMPORTADO;NULL;110.00;6.00;CV;750;NULL
3510104;3510104;CINTA LED 2835 120L 110V 6500K 6W 750LM/M *10MT 8MM CJ150;IMPORTADO;NULL;110.00;6.00;CV;750;NULL
3510105;3510105;CINTA LED IP20 5Y 2835 120L 12V 5000K 10W - 1100 LM/MT *5MT 5MM CJ70;IMPORTADO;NULL;12.00;10.00;CV;1100;5
3510106;3510106;CINTA LED IP20 UL 5Y 2835 120L 12V 6000K 10W - 1100 LM/MT *5MT 5MM CJ70;IMPORTADO;NULL;12.00;10.00;CV;1100;5
3510107;3510107;CINTA LED PIXEL IP20 TIPO1 2835 IC1903 120L 24V BLANCO CALIDO 3000K 12W 900LM/M *5MT 8MM CJ100;IMPORTADO;NULL;24.00;12.00;CV;900;10
3510108;3510108;CINTA LED PIXEL IP20 TIPO1 2835 IC1903 120L 24V BLANCO 4000K 14.4W *5MT 8MM CJ100;IMPORTADO;NULL;24.00;14.40;CV;NULL;10
3510109;3510109;CINTA LED PIXEL IP20 TIPO1 2835 IC1903 120L 24V BLANCO 6500K 14.4W *5MT 8MM CJ100;IMPORTADO;NULL;24.00;14.40;CV;NULL;10
3510110;3510110;CINTA LED PIXEL 2835 IC16703 ECO 120L 24V BLANCO FRIO 14.4W *5MT 8MM CJ50;IMPORTADO;NULL;24.00;14.40;CV;NULL;10
3510111;3510111;CINTA LED IP20 5Y 2835 120L 12V 7500K 10W - 1100 LM/MT *5MT 5MM CJ70;IMPORTADO;NULL;12.00;10.00;CV;1100;5
3510112;3510112;CINTA LED COB 840L 24V RGB 15W 487LM/M *5MT 10MM 3Y CJ80;IMPORTADO;NULL;24.00;15.00;CV;487;10
3510113;3510113;CINTA LED COB 480L 24V 2700K 9W 885LM/M *5MT 8MM 3Y CJ80;IMPORTADO;NULL;24.00;9.00;CV;885;10
3510114;3510114;CINTA LED COB 480L 24V 3000K 9W 927LM/M *5MT 8MM 3Y CJ80;IMPORTADO;NULL;24.00;9.00;CV;927;10
3510115;3510115;CINTA LED COB 480L 24V 4000K 9W 1045LM/M *5MT 8MM 3Y CJ80;IMPORTADO;NULL;24.00;9.00;CV;1045;10
3510116;3510116;CINTA LED COB 480L 24V 6000K 9W 1100LM/M *5MT 8MM 3Y CJ80;IMPORTADO;NULL;24.00;9.00;CV;1100;10
3510117;3510117;CINTA LED COB 480L 24V ROJO 9W *5MT 8MM 3Y CJ80;IMPORTADO;NULL;24.00;9.00;CV;NULL;10
3510118;3510118;CINTA LED COB 480L 24V VERDE 9W *5MT 8MM 3Y CJ80;IMPORTADO;NULL;24.00;9.00;CV;NULL;10
3510119;3510119;CINTA LED COB 480L 24V AGUAMARINA 9W *5MT 8MM 3Y CJ80;IMPORTADO;NULL;24.00;9.00;CV;NULL;10
3510120;3510120;CINTA LED COB 480L 24V AZUL 9W *5MT 8MM 3Y CJ80;IMPORTADO;NULL;24.00;9.00;CV;NULL;10
3510122;3510122;CINTA LED PIXEL IP20 CCT TIPO1 2835 IC1903 120L 24V 2700K+6500K 10W 850LM/M *5MT 8MM CJ100;IMPORTADO;NULL;24.00;10.00;CV;850;10
3510123;3510123;CINTA LED COB 480L 24V RGB 15W 570LM/M *5MT 8MM 3Y CJ80;IMPORTADO;NULL;24.00;15.00;CV;570;10
3510124;3510124;CINTA LED 5Y 2835 120L 12V 7500K 4.8W- 600 LM/MT *5MT 4MM CJ150;IMPORTADO;NULL;12.00;4.80;CV;600;5
3510125;3510125;CINTA LED 5Y 2835 120L 12V VERDE 10W- 1000 LM/MT *5MT 8MM CJ150;IMPORTADO;NULL;12.00;10.00;CV;1000;5
3510200;3510200;CINTA LED IP20 TIPO1 5050 60L 12V BLANCO 6500K 14.4W-1200LM/MT *5MT 10MM SALDO PROMO CJ100;IMPORTADO;NULL;12.00;14.40;CV;1200;5
3510201;3510201;CINTA LED IP20 TIPO1 5050 60L 12V CALIDO 3000K 14.4W-1200LM/MT *5MT 10MM SALDO PROMO CJ100;IMPORTADO;NULL;12.00;14.40;CV;1200;5
3510205;3510205;CINTA LED 5Y 5050 60L ZIGZ 12V RGB 12W 368LM/M *5MT 8MM CJ100;IMPORTADO;NULL;12.00;12.00;CV;368;5
3510207;3510207;CINTA LED 5Y 5050 60L ZIGZ 12V PIXEL RGB 12W 230LM/M WS2815 *5MT 8MM UTB CJ100;IMPORTADO;NULL;12.00;12.00;CV;230;5
3510525;3510525;CINTA LED RGB ECO 5050 60L 12V 11W 35LM/M *5MT 10MM IP65 CJ50;IMPORTADO;NULL;12.00;11.00;CV;NULL;5
3511008;3511008;CINTA LED COB 5Y 480L 24V 2700K 10W 1100LM/M *5MT 8MM CJ100;IMPORTADO;NULL;24.00;10.00;CV;1100;10
3520528;3520528;CINTA LED RGB 5050 60L 12V 14.4W 562LM/M *5MT 10MM IP20 CJ50;IMPORTADO;NULL;12.00;14.40;CV;562;5
3520529;3520529;CINTA 5050 T1 60L 16.8W 24V RGB+W+WW 6500K+3000K *5MT 12MM;IMPORTADO;NULL;24.00;16.80;CV;NULL;10
3520531;3520531;CINTA LED IP20 5Y 5050 60L 24V RGB 14.4W *5MT 10MM CJ50;IMPORTADO;NULL;24.00;14.40;CV;NULL;10
3520561;3520561;CINTA LED 5050 60L 24V RGBW 6000K 18W 550LM/M *5MT 12MM CJ50;IMPORTADO;NULL;24.00;18.00;CV;550;10
3520562;3520562;CINTA LED 5050 60L 24V RGBW 3000K 18W 550LM/M *5MT 12MM CJ50;IMPORTADO;NULL;24.00;18.00;CV;550;10
3520563;3520563;CINTA LED 5050 60L 24V RGBWW 2500K 6000K 22W 1100LM/M *5MT 12MM CJ50;IMPORTADO;NULL;24.00;22.00;CV;1100;10
3540137;3540137;CINTA LED TIPO1 5050 60L 12V PIXEL RGB WS2811 IP68 *5MT 10MM CJ30;IMPORTADO;NULL;12.00;0.02;CV;NULL;5
3540138;3540138;TIRA PIXEL (CINTA) DE 50CM 1903 12V 60L/MTR 10MM UTB;IMPORTADO;NULL;12.00;0.00;CV;NULL;5
3540139;3540139;CINTA LED LUPA 2835 54L 24V 7500K 18W 1500LM/M 11MM 180° X 10 METROS CJ14;IMPORTADO;NULL;24.00;18.00;CV;1500;10
3540140;3540140;CINTA LED LUPA 2835 48L 12V 7500K 18W 11mm 180° X 10 METROS CJ50;IMPORTADO;NULL;12.00;18.00;CV;NULL;5
3540141;3540141;REGLETA CAJA DE LUZ 3CM BLANCO 48CM 2835-6 12V 454LM/M 7500K 5W;IMPORTADO;NULL;12.00;5.00;CV;454;48
3540143;3540143;CINTA LED 2835 ZIGZ 120L 12V BLANCO FRIO 12000K 7.2W 720LM/M *20MT 6MM CJ50;IMPORTADO;NULL;12.00;7.20;CV;720;5
3540144;3540144;CINTA LED 2835 ZIGZ 120L 12V CALIDO 3000K 7.2W 750LM/M *20MT 6MM CJ50;IMPORTADO;NULL;12.00;7.20;CV;750;5
3540145;3540145;CINTA LED 2835 ZIGZ 120L 12V ROJO 7.2W *20MT 6MM CJ50;IMPORTADO;NULL;12.00;7.20;CV;NULL;5
3540146;3540146;CINTA LED 2835 ZIGZ 120L 12V VERDE 7.2W *20MT 6MM CJ50;IMPORTADO;NULL;12.00;7.20;CV;NULL;5
3540147;3540147;CINTA LED 2835 ZIGZ 120L 12V AZUL 7.2W *20MT 6MM CJ50;IMPORTADO;NULL;12.00;7.20;CV;NULL;5
3540148;3540148;CINTA LED 2835 ZIGZ 120L 12V AZUL HIELO 7.2W *20MT 6MM CJ50;IMPORTADO;NULL;12.00;7.20;CV;NULL;5
3540149;3540149;CINTA LED 2835 ZIGZ 120L 12V AMARILLO 7.2W *20MT 6MM CJ50;IMPORTADO;NULL;12.00;7.20;CV;NULL;5
3540150;3540150;CINTA LED 2835 ZIGZ 120L 12V FUCSIA 7.2W *20MT 6MM CJ50;IMPORTADO;NULL;12.00;7.20;CV;NULL;5
3540151;3540151;CINTA LED 2835 ZIGZ 120L 12V MORADO 7.2W *20MT 6MM CJ50;IMPORTADO;NULL;12.00;7.20;CV;NULL;5
3540157;3540157;CINTA LED IP20 UL 5Y 2835 120L 12V 3000K 14.4W-1550LM/MT *5MT 8MM CJ50;IMPORTADO;NULL;12.00;14.40;CV;1550;5
7800381;7800381;REGLETA LED 4014 12MM 144L 99CM 24V 16.6W 7500K;IMPORTADO;NULL;24.00;16.60;CV;NULL;4.125
3030329;3030329;M3LA24MORADO MODULO LUPA ALTA 3030 7520 3W 24V LUPAS*3 CJ100;IMPORTADO;NULL;24.00;3.00;CV;NULL;NULL
3030330;3030330;M3LA12MORADO MODULO LUPA ALTA 3030 7520 3W 12V LUPAS*3 CJ100;IMPORTADO;NULL;12.00;3.00;CV;NULL;NULL
3030331;3030331;M3LA24AGUAM MODULO LUPA ALTA 3030 7520 3W 24V LUPAS*3 CJ100;IMPORTADO;NULL;24.00;3.00;CV;NULL;NULL
3030332;3030332;M3LA12AGUAM MODULO LUPA ALTA 3030 7520 3W 12V LUPAS*3 CJ100;IMPORTADO;NULL;12.00;3.00;CV;NULL;NULL
3520644;3520644;CINTA NEON IP67 24V RGBW 4000K 10W 600LM/M *10MT 16x16mm 5Y NVP;DESCONTINUADOS;NULL;24.00;10.00;CV;600;10
3510211;3510211;CINTA LED COB IP20 840L 24V RGBW 4000K 20W 1100LM/M *5MT 12MM CJ100 NVP;IMPORTADO;NULL;24.00;20.00;CV;1100;10
3540152;3540152;CINTA LED LUPA 2835 28L 24V RGB+4000K 31W 850LM 15mm 180° X 5 METROS CJ10;IMPORTADO;NULL;24.00;31.00;CV;850;10
3540158;3540158;CINTA LED LUPA ZIGZ 2835 24L 24V 9000K 11W 930LM 12MM 160° X 5 METROS CJ50 NVP;IMPORTADO;NULL;24.00;11.00;CV;930;10
3540159;3540159;CINTA LED LUPA ZIGZ 2835 24L 24V 3000K 11W 860LM 12MM 160° X 5 METROS CJ50 NVP;IMPORTADO;NULL;24.00;11.00;CV;860;10
3510100;3510100;CINTA LED ENCAUCHETADA 130L 110V 3000K 8W 650LM/M *1MT 5MM CJ50;IMPORTADO;NULL;110.00;8.00;CV;650;NULL
3510121;3510121;CINTA LED ENCAUCHETADA 130L 110V 4000K 8W 650LM/M *1MT 5MM CJ50;IMPORTADO;NULL;110.00;8.00;CV;650;NULL
3510126;3510126;CINTA LED ENCAUCHETADA 130L 110V 6500K 8W 650LM/M *1MT 5MM CJ50;IMPORTADO;NULL;110.00;8.00;CV;650;NULL
3510127;3510127;CINTA LED TIPO COB 234L 110V 3000K 9W 600LM/M *1MT 8MM CJ50;IMPORTADO;NULL;110.00;9.00;CV;600;NULL
3510130;3510130;CINTA LED TIPO COB 234L 110V 4000K 9W 600LM/M *1MT 8MM CJ50;IMPORTADO;NULL;110.00;9.00;CV;600;NULL
3510133;3510133;CINTA LED TIPO COB 234L 110V 6500K 9W 600LM/M *1MT 8MM CJ50;IMPORTADO;NULL;110.00;9.00;CV;600;NULL
3540132;3540132;CINTA LED LUPA ZIGZ LATERAL 18L 12V 12000K 20W 22MM 60° X 5 METROS CJ10 NVP;IMPORTADO;NULL;12.00;20.00;CV;NULL;5
3540134;3540134;CINTA LED LUPA ZIGZ 28L 12V 12000K 16.8W 1680 LUMEN 12MM 160° X 10 METROS CJ20 NVP;IMPORTADO;NULL;12.00;16.80;CV;NULL;5
3540136;3540136;NUEVO PENDIENTE CINTA LED LUPA 30L 12V RGB 16W 1600LM/M *10MT 13mm NVP;IMPORTADO;NULL;12.00;16.00;CV;1600;5
3540161;3540161;New Product Cinta COB 840LED RGB + 2200K + 6000K 20W NVP;IMPORTADO;NULL;24.00;20.00;CV;NULL;10
3540160;3540160;Nuevo pendiente CINTA LED 5050 60L 24V RGBW 4000K xxW xxLM/M *5MT 10mm NVP;IMPORTADO;NULL;24.00;18.00;CV;NULL;10
3032110;3032110;MODULO RGB REDONDO PIXEL 16703IC12V/0.72W PIX10CM NVP;IMPORTADO;NULL;12.00;0.72;CV;NULL;NULL
